line_station_info_id,line_name,line_code,timetable_id,destination,train_type,station1,station2,estimated_time
1,JR南武線,11303,1,尻手,普通,浜川崎,小田栄,2
1,JR南武線,11303,1,尻手,普通,小田栄,川崎新町,2
1,JR南武線,11303,1,尻手,普通,川崎新町,八丁畷,2
1,JR南武線,11303,1,尻手,普通,八丁畷,尻手,2
3,JR総武本線,11314,1,千葉,普通,銚子,松岸,3
3,JR総武本線,11314,1,千葉,普通,松岸,猿田,5
3,JR総武本線,11314,1,千葉,普通,猿田,倉橋,3
3,JR総武本線,11314,1,千葉,普通,倉橋,飯岡,3
3,JR総武本線,11314,1,千葉,普通,飯岡,旭(千葉県),3
3,JR総武本線,11314,1,千葉,普通,旭(千葉県),干潟,5
3,JR総武本線,11314,1,千葉,普通,干潟,八日市場,5
3,JR総武本線,11314,1,千葉,普通,八日市場,飯倉,3
3,JR総武本線,11314,1,千葉,普通,飯倉,横芝,3
3,JR総武本線,11314,1,千葉,普通,横芝,松尾(千葉県),4
3,JR総武本線,11314,1,千葉,普通,松尾(千葉県),成東,5
3,JR総武本線,11314,1,千葉,普通,成東,日向,5
3,JR総武本線,11314,1,千葉,普通,日向,八街,5
3,JR総武本線,11314,1,千葉,普通,八街,榎戸(千葉県),3
3,JR総武本線,11314,1,千葉,普通,榎戸(千葉県),南酒々井,3
3,JR総武本線,11314,1,千葉,普通,南酒々井,佐倉,4
3,JR総武本線,11314,1,千葉,普通,佐倉,物井,3
3,JR総武本線,11314,1,千葉,普通,物井,四街道,3
3,JR総武本線,11314,1,千葉,普通,四街道,都賀,3
3,JR総武本線,11314,1,千葉,普通,都賀,東千葉,3
3,JR総武本線,11314,1,千葉,普通,東千葉,千葉,2
3,JR総武本線,11314,2,東京,特急,銚子,飯岡,12
3,JR総武本線,11314,2,東京,特急,飯岡,旭(千葉県),3
3,JR総武本線,11314,2,東京,特急,旭(千葉県),八日市場,8
3,JR総武本線,11314,2,東京,特急,八日市場,横芝,6
3,JR総武本線,11314,2,東京,特急,横芝,成東,9
3,JR総武本線,11314,2,東京,特急,成東,八街,10
3,JR総武本線,11314,2,東京,特急,八街,佐倉,10
3,JR総武本線,11314,2,東京,特急,佐倉,千葉,11
3,JR総武本線,11314,2,東京,特急,千葉,錦糸町,22
3,JR総武本線,11314,2,東京,特急,錦糸町,東京,7
4,JR青梅線,11315,1,青梅,普通,奥多摩,白丸(東京都),2
4,JR青梅線,11315,1,青梅,普通,白丸(東京都),鳩ノ巣,3
4,JR青梅線,11315,1,青梅,普通,鳩ノ巣,古里(東京都),4
4,JR青梅線,11315,1,青梅,普通,古里(東京都),川井,3
4,JR青梅線,11315,1,青梅,普通,川井,御嶽,4
4,JR青梅線,11315,1,青梅,普通,御嶽,沢井,3
4,JR青梅線,11315,1,青梅,普通,沢井,軍畑,2
4,JR青梅線,11315,1,青梅,普通,軍畑,二俣尾,2
4,JR青梅線,11315,1,青梅,普通,二俣尾,石神前,2
4,JR青梅線,11315,1,青梅,普通,石神前,日向和田,2
4,JR青梅線,11315,1,青梅,普通,日向和田,宮ノ平,2
4,JR青梅線,11315,1,青梅,普通,宮ノ平,青梅,3
5,宇都宮線,11319,1,宇都宮,普通,黒磯,那須塩原,6
5,宇都宮線,11319,1,宇都宮,普通,那須塩原,西那須野,5
5,宇都宮線,11319,1,宇都宮,普通,西那須野,野崎(栃木県),5
5,宇都宮線,11319,1,宇都宮,普通,野崎(栃木県),矢板,4
5,宇都宮線,11319,1,宇都宮,普通,矢板,片岡,5
5,宇都宮線,11319,1,宇都宮,普通,片岡,蒲須坂,3
5,宇都宮線,11319,1,宇都宮,普通,蒲須坂,氏家,3
5,宇都宮線,11319,1,宇都宮,普通,氏家,宝積寺,5
5,宇都宮線,11319,1,宇都宮,普通,宝積寺,岡本(栃木県),5
5,宇都宮線,11319,1,宇都宮,普通,岡本(栃木県),宇都宮,6
6,JR常磐線,11320,1,代々木上原,普通,取手,天王台,4
6,JR常磐線,11320,1,代々木上原,普通,天王台,我孫子,3
6,JR常磐線,11320,1,代々木上原,普通,我孫子,北柏,3
6,JR常磐線,11320,1,代々木上原,普通,北柏,柏,3
6,JR常磐線,11320,1,代々木上原,普通,柏,南柏,3
6,JR常磐線,11320,1,代々木上原,普通,南柏,北小金,3
6,JR常磐線,11320,1,代々木上原,普通,北小金,新松戸,2
6,JR常磐線,11320,1,代々木上原,普通,新松戸,馬橋,2
6,JR常磐線,11320,1,代々木上原,普通,馬橋,北松戸,3
6,JR常磐線,11320,1,代々木上原,普通,北松戸,松戸,3
6,JR常磐線,11320,1,代々木上原,普通,松戸,金町(東京都),4
6,JR常磐線,11320,1,代々木上原,普通,金町(東京都),亀有,2
6,JR常磐線,11320,1,代々木上原,普通,亀有,綾瀬,4
6,JR常磐線,11320,1,代々木上原,普通,綾瀬,北千住,3
6,JR常磐線,11320,1,代々木上原,普通,北千住,町屋(東京メトロ),3
6,JR常磐線,11320,1,代々木上原,普通,町屋(東京メトロ),西日暮里,2
6,JR常磐線,11320,1,代々木上原,普通,西日暮里,千駄木,2
6,JR常磐線,11320,1,代々木上原,普通,千駄木,根津,2
6,JR常磐線,11320,1,代々木上原,普通,根津,湯島,1
6,JR常磐線,11320,1,代々木上原,普通,湯島,新御茶ノ水,2
6,JR常磐線,11320,1,代々木上原,普通,新御茶ノ水,大手町(東京都),2
6,JR常磐線,11320,1,代々木上原,普通,大手町(東京都),二重橋前,1
6,JR常磐線,11320,1,代々木上原,普通,二重橋前,日比谷,2
6,JR常磐線,11320,1,代々木上原,普通,日比谷,霞ケ関(東京都),2
6,JR常磐線,11320,1,代々木上原,普通,霞ケ関(東京都),国会議事堂前,1
6,JR常磐線,11320,1,代々木上原,普通,国会議事堂前,赤坂(東京都),1
6,JR常磐線,11320,1,代々木上原,普通,赤坂(東京都),乃木坂,2
6,JR常磐線,11320,1,代々木上原,普通,乃木坂,表参道,2
6,JR常磐線,11320,1,代々木上原,普通,表参道,明治神宮前,2
6,JR常磐線,11320,1,代々木上原,普通,明治神宮前,代々木公園,2
6,JR常磐線,11320,1,代々木上原,普通,代々木公園,代々木上原,1
6,JR常磐線,11320,2,向ケ丘遊園,普通,取手,天王台,4
6,JR常磐線,11320,2,向ケ丘遊園,普通,天王台,我孫子,3
6,JR常磐線,11320,2,向ケ丘遊園,普通,我孫子,北柏,2
6,JR常磐線,11320,2,向ケ丘遊園,普通,北柏,柏,3
6,JR常磐線,11320,2,向ケ丘遊園,普通,柏,南柏,3
6,JR常磐線,11320,2,向ケ丘遊園,普通,南柏,北小金,3
6,JR常磐線,11320,2,向ケ丘遊園,普通,北小金,新松戸,2
6,JR常磐線,11320,2,向ケ丘遊園,普通,新松戸,馬橋,2
6,JR常磐線,11320,2,向ケ丘遊園,普通,馬橋,北松戸,2
6,JR常磐線,11320,2,向ケ丘遊園,普通,北松戸,松戸,4
6,JR常磐線,11320,2,向ケ丘遊園,普通,松戸,金町(東京都),4
6,JR常磐線,11320,2,向ケ丘遊園,普通,金町(東京都),亀有,3
6,JR常磐線,11320,2,向ケ丘遊園,普通,亀有,綾瀬,4
6,JR常磐線,11320,2,向ケ丘遊園,普通,綾瀬,北千住,3
6,JR常磐線,11320,2,向ケ丘遊園,普通,北千住,町屋(東京メトロ),3
6,JR常磐線,11320,2,向ケ丘遊園,普通,町屋(東京メトロ),西日暮里,2
6,JR常磐線,11320,2,向ケ丘遊園,普通,西日暮里,千駄木,2
6,JR常磐線,11320,2,向ケ丘遊園,普通,千駄木,根津,2
6,JR常磐線,11320,2,向ケ丘遊園,普通,根津,湯島,1
6,JR常磐線,11320,2,向ケ丘遊園,普通,湯島,新御茶ノ水,1
6,JR常磐線,11320,2,向ケ丘遊園,普通,新御茶ノ水,大手町(東京都),2
6,JR常磐線,11320,2,向ケ丘遊園,普通,大手町(東京都),二重橋前,2
6,JR常磐線,11320,2,向ケ丘遊園,普通,二重橋前,日比谷,1
6,JR常磐線,11320,2,向ケ丘遊園,普通,日比谷,霞ケ関(東京都),2
6,JR常磐線,11320,2,向ケ丘遊園,普通,霞ケ関(東京都),国会議事堂前,2
6,JR常磐線,11320,2,向ケ丘遊園,普通,国会議事堂前,赤坂(東京都),2
6,JR常磐線,11320,2,向ケ丘遊園,普通,赤坂(東京都),乃木坂,2
6,JR常磐線,11320,2,向ケ丘遊園,普通,乃木坂,表参道,2
6,JR常磐線,11320,2,向ケ丘遊園,普通,表参道,明治神宮前,1
6,JR常磐線,11320,2,向ケ丘遊園,普通,明治神宮前,代々木公園,1
6,JR常磐線,11320,2,向ケ丘遊園,普通,代々木公園,代々木上原,1
6,JR常磐線,11320,2,向ケ丘遊園,普通,代々木上原,下北沢,2
6,JR常磐線,11320,2,向ケ丘遊園,普通,下北沢,経堂,5
6,JR常磐線,11320,2,向ケ丘遊園,普通,経堂,千歳船橋,2
6,JR常磐線,11320,2,向ケ丘遊園,普通,千歳船橋,祖師ケ谷大蔵,2
6,JR常磐線,11320,2,向ケ丘遊園,普通,祖師ケ谷大蔵,成城学園前,2
6,JR常磐線,11320,2,向ケ丘遊園,普通,成城学園前,狛江,3
6,JR常磐線,11320,2,向ケ丘遊園,普通,狛江,登戸,3
6,JR常磐線,11320,2,向ケ丘遊園,普通,登戸,向ケ丘遊園,2
7,JR川越線,11322,1,川越,普通,八王子,北八王子,4
7,JR川越線,11322,1,川越,普通,北八王子,小宮,3
7,JR川越線,11322,1,川越,普通,小宮,拝島,6
7,JR川越線,11322,1,川越,普通,拝島,東福生,3
7,JR川越線,11322,1,川越,普通,東福生,箱根ケ崎,4
7,JR川越線,11322,1,川越,普通,箱根ケ崎,金子,5
7,JR川越線,11322,1,川越,普通,金子,東飯能,6
7,JR川越線,11322,1,川越,普通,東飯能,高麗川,6
7,JR川越線,11322,1,川越,普通,高麗川,武蔵高萩,4
7,JR川越線,11322,1,川越,普通,武蔵高萩,笠幡,3
7,JR川越線,11322,1,川越,普通,笠幡,的場,4
7,JR川越線,11322,1,川越,普通,的場,西川越,3
7,JR川越線,11322,1,川越,普通,西川越,川越,4
7,JR川越線,11322,2,川越,普通,高麗川,武蔵高萩,4
7,JR川越線,11322,2,川越,普通,武蔵高萩,笠幡,4
7,JR川越線,11322,2,川越,普通,笠幡,的場,4
7,JR川越線,11322,2,川越,普通,的場,西川越,3
7,JR川越線,11322,2,川越,普通,西川越,川越,4
8,東武東上線,21001,1,小川町(埼玉県),普通,寄居,玉淀,1
8,東武東上線,21001,1,小川町(埼玉県),普通,玉淀,鉢形,2
8,東武東上線,21001,1,小川町(埼玉県),普通,鉢形,男衾,3
8,東武東上線,21001,1,小川町(埼玉県),普通,男衾,みなみ寄居,2
8,東武東上線,21001,1,小川町(埼玉県),普通,みなみ寄居,東武竹沢,2
8,東武東上線,21001,1,小川町(埼玉県),普通,東武竹沢,小川町(埼玉県),3
9,東武伊勢崎線,21002,1,館林,普通,伊勢崎,新伊勢崎,2
9,東武伊勢崎線,21002,1,館林,普通,新伊勢崎,剛志,4
9,東武伊勢崎線,21002,1,館林,普通,剛志,境町,3
9,東武伊勢崎線,21002,1,館林,普通,境町,世良田,3
9,東武伊勢崎線,21002,1,館林,普通,世良田,木崎,3
9,東武伊勢崎線,21002,1,館林,普通,木崎,細谷(群馬県),4
9,東武伊勢崎線,21002,1,館林,普通,細谷(群馬県),太田(群馬県),4
9,東武伊勢崎線,21002,1,館林,普通,太田(群馬県),韮川,3
9,東武伊勢崎線,21002,1,館林,普通,韮川,野州山辺,3
9,東武伊勢崎線,21002,1,館林,普通,野州山辺,足利市,2
9,東武伊勢崎線,21002,1,館林,普通,足利市,東武和泉,3
9,東武伊勢崎線,21002,1,館林,普通,東武和泉,福居,2
9,東武伊勢崎線,21002,1,館林,普通,福居,県,3
9,東武伊勢崎線,21002,1,館林,普通,県,多々良,4
9,東武伊勢崎線,21002,1,館林,普通,多々良,館林,4
10,東武日光線,21003,1,栃木,普通,東武日光,上今市,6
10,東武日光線,21003,1,栃木,普通,上今市,下今市,2
10,東武日光線,21003,1,栃木,普通,下今市,明神,6
10,東武日光線,21003,1,栃木,普通,明神,下小代,3
10,東武日光線,21003,1,栃木,普通,下小代,板荷,4
10,東武日光線,21003,1,栃木,普通,板荷,北鹿沼,5
10,東武日光線,21003,1,栃木,普通,北鹿沼,新鹿沼,4
10,東武日光線,21003,1,栃木,普通,新鹿沼,樅山,3
10,東武日光線,21003,1,栃木,普通,樅山,楡木,2
10,東武日光線,21003,1,栃木,普通,楡木,東武金崎,4
10,東武日光線,21003,1,栃木,普通,東武金崎,家中,4
10,東武日光線,21003,1,栃木,普通,家中,合戦場,3
10,東武日光線,21003,1,栃木,普通,合戦場,新栃木,3
10,東武日光線,21003,1,栃木,普通,新栃木,栃木,3
10,東武日光線,21003,2,下今市,普通,東武日光,上今市,6
10,東武日光線,21003,2,下今市,普通,上今市,下今市,2
10,東武日光線,21003,3,浅草,特急,東武日光,下今市,7
10,東武日光線,21003,3,浅草,特急,下今市,新鹿沼,15
10,東武日光線,21003,3,浅草,特急,新鹿沼,栃木,15
10,東武日光線,21003,3,浅草,特急,栃木,春日部,34
10,東武日光線,21003,3,浅草,特急,春日部,北千住,20
10,東武日光線,21003,3,浅草,特急,北千住,とうきょうスカイツリー,8
10,東武日光線,21003,3,浅草,特急,とうきょうスカイツリー,浅草,3
10,東武日光線,21003,4,南栗橋,区間急行,東武日光,上今市,6
10,東武日光線,21003,4,南栗橋,区間急行,上今市,下今市,2
10,東武日光線,21003,4,南栗橋,区間急行,下今市,明神,5
10,東武日光線,21003,4,南栗橋,区間急行,明神,下小代,3
10,東武日光線,21003,4,南栗橋,区間急行,下小代,板荷,5
10,東武日光線,21003,4,南栗橋,区間急行,板荷,北鹿沼,5
10,東武日光線,21003,4,南栗橋,区間急行,北鹿沼,新鹿沼,3
10,東武日光線,21003,4,南栗橋,区間急行,新鹿沼,樅山,3
10,東武日光線,21003,4,南栗橋,区間急行,樅山,楡木,3
10,東武日光線,21003,4,南栗橋,区間急行,楡木,東武金崎,5
10,東武日光線,21003,4,南栗橋,区間急行,東武金崎,家中,4
10,東武日光線,21003,4,南栗橋,区間急行,家中,合戦場,2
10,東武日光線,21003,4,南栗橋,区間急行,合戦場,新栃木,2
10,東武日光線,21003,4,南栗橋,区間急行,新栃木,栃木,3
10,東武日光線,21003,4,南栗橋,区間急行,栃木,新大平下,4
10,東武日光線,21003,4,南栗橋,区間急行,新大平下,板倉東洋大前,10
10,東武日光線,21003,4,南栗橋,区間急行,板倉東洋大前,栗橋,10
10,東武日光線,21003,4,南栗橋,区間急行,栗橋,南栗橋,4
10,東武日光線,21003,5,新藤原,普通,東武日光,上今市,7
10,東武日光線,21003,5,新藤原,普通,上今市,下今市,2
10,東武日光線,21003,5,新藤原,普通,下今市,大谷向,2
10,東武日光線,21003,5,新藤原,普通,大谷向,大桑(栃木県),5
10,東武日光線,21003,5,新藤原,普通,大桑(栃木県),新高徳,5
10,東武日光線,21003,5,新藤原,普通,新高徳,小佐越,4
10,東武日光線,21003,5,新藤原,普通,小佐越,東武ワールドスクウェア,1
10,東武日光線,21003,5,新藤原,普通,東武ワールドスクウェア,鬼怒川温泉,3
10,東武日光線,21003,5,新藤原,普通,鬼怒川温泉,鬼怒川公園,4
10,東武日光線,21003,5,新藤原,普通,鬼怒川公園,新藤原,5
10,東武日光線,21003,6,新栃木,普通,東武日光,上今市,7
10,東武日光線,21003,6,新栃木,普通,上今市,下今市,2
10,東武日光線,21003,6,新栃木,普通,下今市,明神,5
10,東武日光線,21003,6,新栃木,普通,明神,下小代,3
10,東武日光線,21003,6,新栃木,普通,下小代,板荷,5
10,東武日光線,21003,6,新栃木,普通,板荷,北鹿沼,5
10,東武日光線,21003,6,新栃木,普通,北鹿沼,新鹿沼,3
10,東武日光線,21003,6,新栃木,普通,新鹿沼,樅山,3
10,東武日光線,21003,6,新栃木,普通,樅山,楡木,3
10,東武日光線,21003,6,新栃木,普通,楡木,東武金崎,5
10,東武日光線,21003,6,新栃木,普通,東武金崎,家中,4
10,東武日光線,21003,6,新栃木,普通,家中,合戦場,2
10,東武日光線,21003,6,新栃木,普通,合戦場,新栃木,2
10,東武日光線,21003,7,会津若松,快速,東武日光,上今市,7
10,東武日光線,21003,7,会津若松,快速,上今市,下今市,2
10,東武日光線,21003,7,会津若松,快速,下今市,大谷向,2
10,東武日光線,21003,7,会津若松,快速,大谷向,大桑(栃木県),5
10,東武日光線,21003,7,会津若松,快速,大桑(栃木県),新高徳,5
10,東武日光線,21003,7,会津若松,快速,新高徳,小佐越,4
10,東武日光線,21003,7,会津若松,快速,小佐越,東武ワールドスクウェア,1
10,東武日光線,21003,7,会津若松,快速,東武ワールドスクウェア,鬼怒川温泉,3
10,東武日光線,21003,7,会津若松,快速,鬼怒川温泉,鬼怒川公園,3
10,東武日光線,21003,7,会津若松,快速,鬼怒川公園,新藤原,4
10,東武日光線,21003,7,会津若松,快速,新藤原,龍王峡,2
10,東武日光線,21003,7,会津若松,快速,龍王峡,川治温泉,4
10,東武日光線,21003,7,会津若松,快速,川治温泉,川治湯元,2
10,東武日光線,21003,7,会津若松,快速,川治湯元,湯西川温泉,5
10,東武日光線,21003,7,会津若松,快速,湯西川温泉,中三依温泉,6
10,東武日光線,21003,7,会津若松,快速,中三依温泉,上三依塩原温泉口,4
10,東武日光線,21003,7,会津若松,快速,上三依塩原温泉口,会津高原尾瀬口,9
10,東武日光線,21003,7,会津若松,快速,会津高原尾瀬口,会津田島,17
10,東武日光線,21003,7,会津若松,快速,会津田島,田島高校前,4
10,東武日光線,21003,7,会津若松,快速,田島高校前,会津長野,3
10,東武日光線,21003,7,会津若松,快速,会津長野,養鱒公園,3
10,東武日光線,21003,7,会津若松,快速,養鱒公園,ふるさと公園,3
10,東武日光線,21003,7,会津若松,快速,ふるさと公園,会津下郷,2
10,東武日光線,21003,7,会津若松,快速,会津下郷,弥五島,4
10,東武日光線,21003,7,会津若松,快速,弥五島,塔のへつり,2
10,東武日光線,21003,7,会津若松,快速,塔のへつり,湯野上温泉,4
10,東武日光線,21003,7,会津若松,快速,湯野上温泉,芦ノ牧温泉南,5
10,東武日光線,21003,7,会津若松,快速,芦ノ牧温泉南,大川ダム公園,1
10,東武日光線,21003,7,会津若松,快速,大川ダム公園,芦ノ牧温泉,6
10,東武日光線,21003,7,会津若松,快速,芦ノ牧温泉,あまや,3
10,東武日光線,21003,7,会津若松,快速,あまや,門田,3
10,東武日光線,21003,7,会津若松,快速,門田,南若松,3
10,東武日光線,21003,7,会津若松,快速,南若松,西若松,4
10,東武日光線,21003,7,会津若松,快速,西若松,七日町,3
10,東武日光線,21003,7,会津若松,快速,七日町,会津若松,3
10,東武日光線,21003,8,浅草,特急,東武日光,下今市,8
10,東武日光線,21003,8,浅草,特急,下今市,新鹿沼,16
10,東武日光線,21003,8,浅草,特急,新鹿沼,栃木,14
10,東武日光線,21003,8,浅草,特急,栃木,板倉東洋大前,13
10,東武日光線,21003,8,浅草,特急,板倉東洋大前,春日部,22
10,東武日光線,21003,8,浅草,特急,春日部,北千住,20
10,東武日光線,21003,8,浅草,特急,北千住,とうきょうスカイツリー,7
10,東武日光線,21003,8,浅草,特急,とうきょうスカイツリー,浅草,3
11,東武野田線,21004,1,柏,普通,船橋,新船橋,2
11,東武野田線,21004,1,柏,普通,新船橋,塚田,1
11,東武野田線,21004,1,柏,普通,塚田,馬込沢,2
11,東武野田線,21004,1,柏,普通,馬込沢,鎌ケ谷,3
11,東武野田線,21004,1,柏,普通,鎌ケ谷,新鎌ケ谷,3
11,東武野田線,21004,1,柏,普通,新鎌ケ谷,六実,2
11,東武野田線,21004,1,柏,普通,六実,高柳,2
11,東武野田線,21004,1,柏,普通,高柳,逆井,2
11,東武野田線,21004,1,柏,普通,逆井,増尾,1
11,東武野田線,21004,1,柏,普通,増尾,新柏,1
11,東武野田線,21004,1,柏,普通,新柏,柏,4
11,東武野田線,21004,2,七光台,普通,船橋,新船橋,2
11,東武野田線,21004,2,七光台,普通,新船橋,塚田,1
11,東武野田線,21004,2,七光台,普通,塚田,馬込沢,2
11,東武野田線,21004,2,七光台,普通,馬込沢,鎌ケ谷,3
11,東武野田線,21004,2,七光台,普通,鎌ケ谷,新鎌ケ谷,3
11,東武野田線,21004,2,七光台,普通,新鎌ケ谷,六実,2
11,東武野田線,21004,2,七光台,普通,六実,高柳,3
11,東武野田線,21004,2,七光台,普通,高柳,逆井,3
11,東武野田線,21004,2,七光台,普通,逆井,増尾,1
11,東武野田線,21004,2,七光台,普通,増尾,新柏,1
11,東武野田線,21004,2,七光台,普通,新柏,柏,4
11,東武野田線,21004,2,七光台,普通,柏,豊四季,3
11,東武野田線,21004,2,七光台,普通,豊四季,流山おおたかの森,2
11,東武野田線,21004,2,七光台,普通,流山おおたかの森,初石,2
11,東武野田線,21004,2,七光台,普通,初石,江戸川台,2
11,東武野田線,21004,2,七光台,普通,江戸川台,運河,2
11,東武野田線,21004,2,七光台,普通,運河,梅郷,3
11,東武野田線,21004,2,七光台,普通,梅郷,野田市,3
11,東武野田線,21004,2,七光台,普通,野田市,愛宕(千葉県),2
11,東武野田線,21004,2,七光台,普通,愛宕(千葉県),清水公園,2
11,東武野田線,21004,2,七光台,普通,清水公園,七光台,2
11,東武野田線,21004,3,柏,急行,船橋,新鎌ケ谷,11
11,東武野田線,21004,3,柏,急行,新鎌ケ谷,高柳,4
11,東武野田線,21004,3,柏,急行,高柳,柏,9
11,東武野田線,21004,4,高柳,普通,船橋,新船橋,2
11,東武野田線,21004,4,高柳,普通,新船橋,塚田,2
11,東武野田線,21004,4,高柳,普通,塚田,馬込沢,3
11,東武野田線,21004,4,高柳,普通,馬込沢,鎌ケ谷,3
11,東武野田線,21004,4,高柳,普通,鎌ケ谷,新鎌ケ谷,2
11,東武野田線,21004,4,高柳,普通,新鎌ケ谷,六実,1
11,東武野田線,21004,4,高柳,普通,六実,高柳,3
11,東武野田線,21004,5,大宮(埼玉県),普通,船橋,新船橋,2
11,東武野田線,21004,5,大宮(埼玉県),普通,新船橋,塚田,1
11,東武野田線,21004,5,大宮(埼玉県),普通,塚田,馬込沢,2
11,東武野田線,21004,5,大宮(埼玉県),普通,馬込沢,鎌ケ谷,3
11,東武野田線,21004,5,大宮(埼玉県),普通,鎌ケ谷,新鎌ケ谷,3
11,東武野田線,21004,5,大宮(埼玉県),普通,新鎌ケ谷,六実,2
11,東武野田線,21004,5,大宮(埼玉県),普通,六実,高柳,2
11,東武野田線,21004,5,大宮(埼玉県),普通,高柳,逆井,3
11,東武野田線,21004,5,大宮(埼玉県),普通,逆井,増尾,2
11,東武野田線,21004,5,大宮(埼玉県),普通,増尾,新柏,2
11,東武野田線,21004,5,大宮(埼玉県),普通,新柏,柏,4
11,東武野田線,21004,5,大宮(埼玉県),普通,柏,豊四季,3
11,東武野田線,21004,5,大宮(埼玉県),普通,豊四季,流山おおたかの森,2
11,東武野田線,21004,5,大宮(埼玉県),普通,流山おおたかの森,初石,2
11,東武野田線,21004,5,大宮(埼玉県),普通,初石,江戸川台,2
11,東武野田線,21004,5,大宮(埼玉県),普通,江戸川台,運河,3
11,東武野田線,21004,5,大宮(埼玉県),普通,運河,梅郷,3
11,東武野田線,21004,5,大宮(埼玉県),普通,梅郷,野田市,2
11,東武野田線,21004,5,大宮(埼玉県),普通,野田市,愛宕(千葉県),2
11,東武野田線,21004,5,大宮(埼玉県),普通,愛宕(千葉県),清水公園,2
11,東武野田線,21004,5,大宮(埼玉県),普通,清水公園,七光台,2
11,東武野田線,21004,5,大宮(埼玉県),普通,七光台,川間,3
11,東武野田線,21004,5,大宮(埼玉県),普通,川間,南桜井,3
11,東武野田線,21004,5,大宮(埼玉県),普通,南桜井,藤の牛島,3
11,東武野田線,21004,5,大宮(埼玉県),普通,藤の牛島,春日部,4
11,東武野田線,21004,5,大宮(埼玉県),普通,春日部,八木崎,1
11,東武野田線,21004,5,大宮(埼玉県),普通,八木崎,豊春,2
11,東武野田線,21004,5,大宮(埼玉県),普通,豊春,東岩槻,2
11,東武野田線,21004,5,大宮(埼玉県),普通,東岩槻,岩槻,3
11,東武野田線,21004,5,大宮(埼玉県),普通,岩槻,七里,3
11,東武野田線,21004,5,大宮(埼玉県),普通,七里,大和田(埼玉県),2
11,東武野田線,21004,5,大宮(埼玉県),普通,大和田(埼玉県),大宮公園,2
11,東武野田線,21004,5,大宮(埼玉県),普通,大宮公園,北大宮,1
11,東武野田線,21004,5,大宮(埼玉県),普通,北大宮,大宮(埼玉県),2
11,東武野田線,21004,6,運河,普通,船橋,新船橋,2
11,東武野田線,21004,6,運河,普通,新船橋,塚田,2
11,東武野田線,21004,6,運河,普通,塚田,馬込沢,3
11,東武野田線,21004,6,運河,普通,馬込沢,鎌ケ谷,3
11,東武野田線,21004,6,運河,普通,鎌ケ谷,新鎌ケ谷,2
11,東武野田線,21004,6,運河,普通,新鎌ケ谷,六実,1
11,東武野田線,21004,6,運河,普通,六実,高柳,2
11,東武野田線,21004,6,運河,普通,高柳,逆井,2
11,東武野田線,21004,6,運河,普通,逆井,増尾,1
11,東武野田線,21004,6,運河,普通,増尾,新柏,1
11,東武野田線,21004,6,運河,普通,新柏,柏,4
11,東武野田線,21004,6,運河,普通,柏,豊四季,3
11,東武野田線,21004,6,運河,普通,豊四季,流山おおたかの森,2
11,東武野田線,21004,6,運河,普通,流山おおたかの森,初石,2
11,東武野田線,21004,6,運河,普通,初石,江戸川台,2
11,東武野田線,21004,6,運河,普通,江戸川台,運河,2
11,東武野田線,21004,7,大宮(埼玉県),急行,船橋,新鎌ケ谷,8
11,東武野田線,21004,7,大宮(埼玉県),急行,新鎌ケ谷,高柳,4
11,東武野田線,21004,7,大宮(埼玉県),急行,高柳,柏,7
11,東武野田線,21004,7,大宮(埼玉県),急行,柏,流山おおたかの森,4
11,東武野田線,21004,7,大宮(埼玉県),急行,流山おおたかの森,運河,4
11,東武野田線,21004,7,大宮(埼玉県),急行,運河,梅郷,3
11,東武野田線,21004,7,大宮(埼玉県),急行,梅郷,野田市,2
11,東武野田線,21004,7,大宮(埼玉県),急行,野田市,愛宕(千葉県),3
11,東武野田線,21004,7,大宮(埼玉県),急行,愛宕(千葉県),清水公園,2
11,東武野田線,21004,7,大宮(埼玉県),急行,清水公園,七光台,2
11,東武野田線,21004,7,大宮(埼玉県),急行,七光台,川間,2
11,東武野田線,21004,7,大宮(埼玉県),急行,川間,南桜井,2
11,東武野田線,21004,7,大宮(埼玉県),急行,南桜井,藤の牛島,3
11,東武野田線,21004,7,大宮(埼玉県),急行,藤の牛島,春日部,4
11,東武野田線,21004,7,大宮(埼玉県),急行,春日部,岩槻,6
11,東武野田線,21004,7,大宮(埼玉県),急行,岩槻,大宮(埼玉県),8
12,西武池袋線,22001,1,飯能,普通,西武秩父,横瀬,3
12,西武池袋線,22001,1,飯能,普通,横瀬,芦ケ久保,5
12,西武池袋線,22001,1,飯能,普通,芦ケ久保,正丸,8
12,西武池袋線,22001,1,飯能,普通,正丸,西吾野,3
12,西武池袋線,22001,1,飯能,普通,西吾野,吾野,4
12,西武池袋線,22001,1,飯能,普通,吾野,東吾野,5
12,西武池袋線,22001,1,飯能,普通,東吾野,武蔵横手,4
12,西武池袋線,22001,1,飯能,普通,武蔵横手,高麗,3
12,西武池袋線,22001,1,飯能,普通,高麗,東飯能,4
12,西武池袋線,22001,1,飯能,普通,東飯能,飯能,1
13,京成本線,23001,1,京成高砂,普通,京成上野,日暮里,5
13,京成本線,23001,1,京成高砂,普通,日暮里,新三河島,2
13,京成本線,23001,1,京成高砂,普通,新三河島,町屋(京成線),2
13,京成本線,23001,1,京成高砂,普通,町屋(京成線),千住大橋,2
13,京成本線,23001,1,京成高砂,普通,千住大橋,京成関屋,2
13,京成本線,23001,1,京成高砂,普通,京成関屋,堀切菖蒲園,2
13,京成本線,23001,1,京成高砂,普通,堀切菖蒲園,お花茶屋,2
13,京成本線,23001,1,京成高砂,普通,お花茶屋,青砥,2
13,京成本線,23001,1,京成高砂,普通,青砥,京成高砂,2
13,京成本線,23001,2,京成臼井,普通,京成上野,日暮里,5
13,京成本線,23001,2,京成臼井,普通,日暮里,新三河島,2
13,京成本線,23001,2,京成臼井,普通,新三河島,町屋(京成線),1
13,京成本線,23001,2,京成臼井,普通,町屋(京成線),千住大橋,3
13,京成本線,23001,2,京成臼井,普通,千住大橋,京成関屋,2
13,京成本線,23001,2,京成臼井,普通,京成関屋,堀切菖蒲園,2
13,京成本線,23001,2,京成臼井,普通,堀切菖蒲園,お花茶屋,1
13,京成本線,23001,2,京成臼井,普通,お花茶屋,青砥,2
13,京成本線,23001,2,京成臼井,普通,青砥,京成高砂,3
13,京成本線,23001,2,京成臼井,普通,京成高砂,京成小岩,2
13,京成本線,23001,2,京成臼井,普通,京成小岩,江戸川,1
13,京成本線,23001,2,京成臼井,普通,江戸川,国府台,2
13,京成本線,23001,2,京成臼井,普通,国府台,市川真間,1
13,京成本線,23001,2,京成臼井,普通,市川真間,菅野,2
13,京成本線,23001,2,京成臼井,普通,菅野,京成八幡,1
13,京成本線,23001,2,京成臼井,普通,京成八幡,鬼越,2
13,京成本線,23001,2,京成臼井,普通,鬼越,京成中山,1
13,京成本線,23001,2,京成臼井,普通,京成中山,東中山,1
13,京成本線,23001,2,京成臼井,普通,東中山,京成西船,1
13,京成本線,23001,2,京成臼井,普通,京成西船,海神,2
13,京成本線,23001,2,京成臼井,普通,海神,京成船橋,2
13,京成本線,23001,2,京成臼井,普通,京成船橋,大神宮下,2
13,京成本線,23001,2,京成臼井,普通,大神宮下,船橋競馬場,1
13,京成本線,23001,2,京成臼井,普通,船橋競馬場,谷津,1
13,京成本線,23001,2,京成臼井,普通,谷津,京成津田沼,2
13,京成本線,23001,2,京成臼井,普通,京成津田沼,京成大久保,3
13,京成本線,23001,2,京成臼井,普通,京成大久保,実籾,2
13,京成本線,23001,2,京成臼井,普通,実籾,八千代台,3
13,京成本線,23001,2,京成臼井,普通,八千代台,京成大和田,3
13,京成本線,23001,2,京成臼井,普通,京成大和田,勝田台,2
13,京成本線,23001,2,京成臼井,普通,勝田台,志津,2
13,京成本線,23001,2,京成臼井,普通,志津,ユーカリが丘,1
13,京成本線,23001,2,京成臼井,普通,ユーカリが丘,京成臼井,3
13,京成本線,23001,3,成田空港(鉄道),特急,京成上野,日暮里,4
13,京成本線,23001,3,成田空港(鉄道),特急,日暮里,青砥,10
13,京成本線,23001,3,成田空港(鉄道),特急,青砥,京成高砂,2
13,京成本線,23001,3,成田空港(鉄道),特急,京成高砂,京成八幡,6
13,京成本線,23001,3,成田空港(鉄道),特急,京成八幡,京成船橋,6
13,京成本線,23001,3,成田空港(鉄道),特急,京成船橋,京成津田沼,4
13,京成本線,23001,3,成田空港(鉄道),特急,京成津田沼,八千代台,6
13,京成本線,23001,3,成田空港(鉄道),特急,八千代台,勝田台,4
13,京成本線,23001,3,成田空港(鉄道),特急,勝田台,京成佐倉,9
13,京成本線,23001,3,成田空港(鉄道),特急,京成佐倉,大佐倉,2
13,京成本線,23001,3,成田空港(鉄道),特急,大佐倉,京成酒々井,2
13,京成本線,23001,3,成田空港(鉄道),特急,京成酒々井,宗吾参道,2
13,京成本線,23001,3,成田空港(鉄道),特急,宗吾参道,公津の杜,2
13,京成本線,23001,3,成田空港(鉄道),特急,公津の杜,京成成田,4
13,京成本線,23001,3,成田空港(鉄道),特急,京成成田,空港第２ビル(鉄道),6
13,京成本線,23001,3,成田空港(鉄道),特急,空港第２ビル(鉄道),成田空港(鉄道),2
13,京成本線,23001,4,成田空港(鉄道),特急スカイライナー,京成上野,日暮里,5
13,京成本線,23001,4,成田空港(鉄道),特急スカイライナー,日暮里,空港第２ビル(鉄道),38
13,京成本線,23001,4,成田空港(鉄道),特急スカイライナー,空港第２ビル(鉄道),成田空港(鉄道),2
13,京成本線,23001,5,ちはら台,普通,京成上野,日暮里,5
13,京成本線,23001,5,ちはら台,普通,日暮里,新三河島,2
13,京成本線,23001,5,ちはら台,普通,新三河島,町屋(京成線),2
13,京成本線,23001,5,ちはら台,普通,町屋(京成線),千住大橋,2
13,京成本線,23001,5,ちはら台,普通,千住大橋,京成関屋,2
13,京成本線,23001,5,ちはら台,普通,京成関屋,堀切菖蒲園,2
13,京成本線,23001,5,ちはら台,普通,堀切菖蒲園,お花茶屋,2
13,京成本線,23001,5,ちはら台,普通,お花茶屋,青砥,2
13,京成本線,23001,5,ちはら台,普通,青砥,京成高砂,2
13,京成本線,23001,5,ちはら台,普通,京成高砂,京成小岩,2
13,京成本線,23001,5,ちはら台,普通,京成小岩,江戸川,1
13,京成本線,23001,5,ちはら台,普通,江戸川,国府台,2
13,京成本線,23001,5,ちはら台,普通,国府台,市川真間,1
13,京成本線,23001,5,ちはら台,普通,市川真間,菅野,2
13,京成本線,23001,5,ちはら台,普通,菅野,京成八幡,1
13,京成本線,23001,5,ちはら台,普通,京成八幡,鬼越,2
13,京成本線,23001,5,ちはら台,普通,鬼越,京成中山,1
13,京成本線,23001,5,ちはら台,普通,京成中山,東中山,1
13,京成本線,23001,5,ちはら台,普通,東中山,京成西船,1
13,京成本線,23001,5,ちはら台,普通,京成西船,海神,2
13,京成本線,23001,5,ちはら台,普通,海神,京成船橋,2
13,京成本線,23001,5,ちはら台,普通,京成船橋,大神宮下,2
13,京成本線,23001,5,ちはら台,普通,大神宮下,船橋競馬場,1
13,京成本線,23001,5,ちはら台,普通,船橋競馬場,谷津,1
13,京成本線,23001,5,ちはら台,普通,谷津,京成津田沼,2
13,京成本線,23001,5,ちはら台,普通,京成津田沼,京成幕張本郷,3
13,京成本線,23001,5,ちはら台,普通,京成幕張本郷,京成幕張,2
13,京成本線,23001,5,ちはら台,普通,京成幕張,検見川,2
13,京成本線,23001,5,ちはら台,普通,検見川,京成稲毛,3
13,京成本線,23001,5,ちはら台,普通,京成稲毛,みどり台,2
13,京成本線,23001,5,ちはら台,普通,みどり台,西登戸,1
13,京成本線,23001,5,ちはら台,普通,西登戸,新千葉,2
13,京成本線,23001,5,ちはら台,普通,新千葉,京成千葉,1
13,京成本線,23001,5,ちはら台,普通,京成千葉,千葉中央,1
13,京成本線,23001,5,ちはら台,普通,千葉中央,千葉寺,2
13,京成本線,23001,5,ちはら台,普通,千葉寺,大森台,3
13,京成本線,23001,5,ちはら台,普通,大森台,学園前(千葉県),3
13,京成本線,23001,5,ちはら台,普通,学園前(千葉県),おゆみ野,2
13,京成本線,23001,5,ちはら台,普通,おゆみ野,ちはら台,2
13,京成本線,23001,6,宗吾参道,普通,京成上野,日暮里,5
13,京成本線,23001,6,宗吾参道,普通,日暮里,新三河島,2
13,京成本線,23001,6,宗吾参道,普通,新三河島,町屋(京成線),1
13,京成本線,23001,6,宗吾参道,普通,町屋(京成線),千住大橋,3
13,京成本線,23001,6,宗吾参道,普通,千住大橋,京成関屋,2
13,京成本線,23001,6,宗吾参道,普通,京成関屋,堀切菖蒲園,2
13,京成本線,23001,6,宗吾参道,普通,堀切菖蒲園,お花茶屋,1
13,京成本線,23001,6,宗吾参道,普通,お花茶屋,青砥,2
13,京成本線,23001,6,宗吾参道,普通,青砥,京成高砂,2
13,京成本線,23001,6,宗吾参道,普通,京成高砂,京成小岩,2
13,京成本線,23001,6,宗吾参道,普通,京成小岩,江戸川,2
13,京成本線,23001,6,宗吾参道,普通,江戸川,国府台,1
13,京成本線,23001,6,宗吾参道,普通,国府台,市川真間,1
13,京成本線,23001,6,宗吾参道,普通,市川真間,菅野,1
13,京成本線,23001,6,宗吾参道,普通,菅野,京成八幡,2
13,京成本線,23001,6,宗吾参道,普通,京成八幡,鬼越,1
13,京成本線,23001,6,宗吾参道,普通,鬼越,京成中山,1
13,京成本線,23001,6,宗吾参道,普通,京成中山,東中山,2
13,京成本線,23001,6,宗吾参道,普通,東中山,京成西船,1
13,京成本線,23001,6,宗吾参道,普通,京成西船,海神,2
13,京成本線,23001,6,宗吾参道,普通,海神,京成船橋,2
13,京成本線,23001,6,宗吾参道,普通,京成船橋,大神宮下,2
13,京成本線,23001,6,宗吾参道,普通,大神宮下,船橋競馬場,1
13,京成本線,23001,6,宗吾参道,普通,船橋競馬場,谷津,1
13,京成本線,23001,6,宗吾参道,普通,谷津,京成津田沼,2
13,京成本線,23001,6,宗吾参道,普通,京成津田沼,京成大久保,3
13,京成本線,23001,6,宗吾参道,普通,京成大久保,実籾,2
13,京成本線,23001,6,宗吾参道,普通,実籾,八千代台,3
13,京成本線,23001,6,宗吾参道,普通,八千代台,京成大和田,2
13,京成本線,23001,6,宗吾参道,普通,京成大和田,勝田台,2
13,京成本線,23001,6,宗吾参道,普通,勝田台,志津,3
13,京成本線,23001,6,宗吾参道,普通,志津,ユーカリが丘,1
13,京成本線,23001,6,宗吾参道,普通,ユーカリが丘,京成臼井,3
13,京成本線,23001,6,宗吾参道,普通,京成臼井,京成佐倉,5
13,京成本線,23001,6,宗吾参道,普通,京成佐倉,大佐倉,3
13,京成本線,23001,6,宗吾参道,普通,大佐倉,京成酒々井,2
13,京成本線,23001,6,宗吾参道,普通,京成酒々井,宗吾参道,2
13,京成本線,23001,7,宗吾参道,快速,京成上野,日暮里,5
13,京成本線,23001,7,宗吾参道,快速,日暮里,千住大橋,4
13,京成本線,23001,7,宗吾参道,快速,千住大橋,青砥,5
13,京成本線,23001,7,宗吾参道,快速,青砥,京成高砂,2
13,京成本線,23001,7,宗吾参道,快速,京成高砂,京成小岩,2
13,京成本線,23001,7,宗吾参道,快速,京成小岩,京成八幡,5
13,京成本線,23001,7,宗吾参道,快速,京成八幡,東中山,2
13,京成本線,23001,7,宗吾参道,快速,東中山,京成船橋,4
13,京成本線,23001,7,宗吾参道,快速,京成船橋,船橋競馬場,3
13,京成本線,23001,7,宗吾参道,快速,船橋競馬場,京成津田沼,3
13,京成本線,23001,7,宗吾参道,快速,京成津田沼,京成大久保,3
13,京成本線,23001,7,宗吾参道,快速,京成大久保,実籾,2
13,京成本線,23001,7,宗吾参道,快速,実籾,八千代台,3
13,京成本線,23001,7,宗吾参道,快速,八千代台,京成大和田,3
13,京成本線,23001,7,宗吾参道,快速,京成大和田,勝田台,2
13,京成本線,23001,7,宗吾参道,快速,勝田台,志津,2
13,京成本線,23001,7,宗吾参道,快速,志津,ユーカリが丘,1
13,京成本線,23001,7,宗吾参道,快速,ユーカリが丘,京成臼井,3
13,京成本線,23001,7,宗吾参道,快速,京成臼井,京成佐倉,5
13,京成本線,23001,7,宗吾参道,快速,京成佐倉,大佐倉,2
13,京成本線,23001,7,宗吾参道,快速,大佐倉,京成酒々井,2
13,京成本線,23001,7,宗吾参道,快速,京成酒々井,宗吾参道,3
13,京成本線,23001,8,成田空港(鉄道),特急スカイライナー,京成上野,日暮里,5
13,京成本線,23001,8,成田空港(鉄道),特急スカイライナー,日暮里,青砥,9
13,京成本線,23001,8,成田空港(鉄道),特急スカイライナー,青砥,空港第２ビル(鉄道),27
13,京成本線,23001,8,成田空港(鉄道),特急スカイライナー,空港第２ビル(鉄道),成田空港(鉄道),2
13,京成本線,23001,9,京成津田沼,普通,京成上野,日暮里,5
13,京成本線,23001,9,京成津田沼,普通,日暮里,新三河島,2
13,京成本線,23001,9,京成津田沼,普通,新三河島,町屋(京成線),2
13,京成本線,23001,9,京成津田沼,普通,町屋(京成線),千住大橋,2
13,京成本線,23001,9,京成津田沼,普通,千住大橋,京成関屋,2
13,京成本線,23001,9,京成津田沼,普通,京成関屋,堀切菖蒲園,2
13,京成本線,23001,9,京成津田沼,普通,堀切菖蒲園,お花茶屋,2
13,京成本線,23001,9,京成津田沼,普通,お花茶屋,青砥,2
13,京成本線,23001,9,京成津田沼,普通,青砥,京成高砂,2
13,京成本線,23001,9,京成津田沼,普通,京成高砂,京成小岩,2
13,京成本線,23001,9,京成津田沼,普通,京成小岩,江戸川,1
13,京成本線,23001,9,京成津田沼,普通,江戸川,国府台,2
13,京成本線,23001,9,京成津田沼,普通,国府台,市川真間,1
13,京成本線,23001,9,京成津田沼,普通,市川真間,菅野,2
13,京成本線,23001,9,京成津田沼,普通,菅野,京成八幡,1
13,京成本線,23001,9,京成津田沼,普通,京成八幡,鬼越,2
13,京成本線,23001,9,京成津田沼,普通,鬼越,京成中山,1
13,京成本線,23001,9,京成津田沼,普通,京成中山,東中山,1
13,京成本線,23001,9,京成津田沼,普通,東中山,京成西船,2
13,京成本線,23001,9,京成津田沼,普通,京成西船,海神,1
13,京成本線,23001,9,京成津田沼,普通,海神,京成船橋,3
13,京成本線,23001,9,京成津田沼,普通,京成船橋,大神宮下,2
13,京成本線,23001,9,京成津田沼,普通,大神宮下,船橋競馬場,1
13,京成本線,23001,9,京成津田沼,普通,船橋競馬場,谷津,2
13,京成本線,23001,9,京成津田沼,普通,谷津,京成津田沼,2
13,京成本線,23001,10,京成成田,快速特急,京成上野,日暮里,4
13,京成本線,23001,10,京成成田,快速特急,日暮里,青砥,11
13,京成本線,23001,10,京成成田,快速特急,青砥,京成高砂,2
13,京成本線,23001,10,京成成田,快速特急,京成高砂,京成八幡,6
13,京成本線,23001,10,京成成田,快速特急,京成八幡,京成船橋,6
13,京成本線,23001,10,京成成田,快速特急,京成船橋,京成津田沼,5
13,京成本線,23001,10,京成成田,快速特急,京成津田沼,八千代台,6
13,京成本線,23001,10,京成成田,快速特急,八千代台,勝田台,4
13,京成本線,23001,10,京成成田,快速特急,勝田台,京成佐倉,8
13,京成本線,23001,10,京成成田,快速特急,京成佐倉,京成成田,8
13,京成本線,23001,11,千葉中央,普通,京成上野,日暮里,5
13,京成本線,23001,11,千葉中央,普通,日暮里,新三河島,2
13,京成本線,23001,11,千葉中央,普通,新三河島,町屋(京成線),2
13,京成本線,23001,11,千葉中央,普通,町屋(京成線),千住大橋,2
13,京成本線,23001,11,千葉中央,普通,千住大橋,京成関屋,2
13,京成本線,23001,11,千葉中央,普通,京成関屋,堀切菖蒲園,2
13,京成本線,23001,11,千葉中央,普通,堀切菖蒲園,お花茶屋,2
13,京成本線,23001,11,千葉中央,普通,お花茶屋,青砥,2
13,京成本線,23001,11,千葉中央,普通,青砥,京成高砂,2
13,京成本線,23001,11,千葉中央,普通,京成高砂,京成小岩,2
13,京成本線,23001,11,千葉中央,普通,京成小岩,江戸川,1
13,京成本線,23001,11,千葉中央,普通,江戸川,国府台,2
13,京成本線,23001,11,千葉中央,普通,国府台,市川真間,1
13,京成本線,23001,11,千葉中央,普通,市川真間,菅野,2
13,京成本線,23001,11,千葉中央,普通,菅野,京成八幡,1
13,京成本線,23001,11,千葉中央,普通,京成八幡,鬼越,2
13,京成本線,23001,11,千葉中央,普通,鬼越,京成中山,1
13,京成本線,23001,11,千葉中央,普通,京成中山,東中山,1
13,京成本線,23001,11,千葉中央,普通,東中山,京成西船,2
13,京成本線,23001,11,千葉中央,普通,京成西船,海神,1
13,京成本線,23001,11,千葉中央,普通,海神,京成船橋,3
13,京成本線,23001,11,千葉中央,普通,京成船橋,大神宮下,2
13,京成本線,23001,11,千葉中央,普通,大神宮下,船橋競馬場,1
13,京成本線,23001,11,千葉中央,普通,船橋競馬場,谷津,2
13,京成本線,23001,11,千葉中央,普通,谷津,京成津田沼,2
13,京成本線,23001,11,千葉中央,普通,京成津田沼,京成幕張本郷,2
13,京成本線,23001,11,千葉中央,普通,京成幕張本郷,京成幕張,2
13,京成本線,23001,11,千葉中央,普通,京成幕張,検見川,2
13,京成本線,23001,11,千葉中央,普通,検見川,京成稲毛,3
13,京成本線,23001,11,千葉中央,普通,京成稲毛,みどり台,2
13,京成本線,23001,11,千葉中央,普通,みどり台,西登戸,2
13,京成本線,23001,11,千葉中央,普通,西登戸,新千葉,1
13,京成本線,23001,11,千葉中央,普通,新千葉,京成千葉,1
13,京成本線,23001,11,千葉中央,普通,京成千葉,千葉中央,2
14,京王新線,24007,1,本八幡(都営線),普通,笹塚,幡ケ谷,2
14,京王新線,24007,1,本八幡(都営線),普通,幡ケ谷,初台,2
14,京王新線,24007,1,本八幡(都営線),普通,初台,新宿,3
14,京王新線,24007,1,本八幡(都営線),普通,新宿,新宿三丁目,1
14,京王新線,24007,1,本八幡(都営線),普通,新宿三丁目,曙橋,2
14,京王新線,24007,1,本八幡(都営線),普通,曙橋,市ケ谷,2
14,京王新線,24007,1,本八幡(都営線),普通,市ケ谷,九段下,2
14,京王新線,24007,1,本八幡(都営線),普通,九段下,神保町,1
14,京王新線,24007,1,本八幡(都営線),普通,神保町,小川町(東京都),2
14,京王新線,24007,1,本八幡(都営線),普通,小川町(東京都),岩本町,1
14,京王新線,24007,1,本八幡(都営線),普通,岩本町,馬喰横山,2
14,京王新線,24007,1,本八幡(都営線),普通,馬喰横山,浜町,1
14,京王新線,24007,1,本八幡(都営線),普通,浜町,森下(東京都),1
14,京王新線,24007,1,本八幡(都営線),普通,森下(東京都),菊川(東京都),1
14,京王新線,24007,1,本八幡(都営線),普通,菊川(東京都),住吉(東京都),2
14,京王新線,24007,1,本八幡(都営線),普通,住吉(東京都),西大島,1
14,京王新線,24007,1,本八幡(都営線),普通,西大島,大島(東京都),1
14,京王新線,24007,1,本八幡(都営線),普通,大島(東京都),東大島,1
14,京王新線,24007,1,本八幡(都営線),普通,東大島,船堀,2
14,京王新線,24007,1,本八幡(都営線),普通,船堀,一之江,2
14,京王新線,24007,1,本八幡(都営線),普通,一之江,瑞江,3
14,京王新線,24007,1,本八幡(都営線),普通,瑞江,篠崎,2
14,京王新線,24007,1,本八幡(都営線),普通,篠崎,本八幡(都営線),4
14,京王新線,24007,2,本八幡(都営線),急行,橋本(神奈川県),南大沢,4
14,京王新線,24007,2,本八幡(都営線),急行,南大沢,京王多摩センター,4
14,京王新線,24007,2,本八幡(都営線),急行,京王多摩センター,京王永山,2
14,京王新線,24007,2,本八幡(都営線),急行,京王永山,京王稲田堤,8
14,京王新線,24007,2,本八幡(都営線),急行,京王稲田堤,調布,3
14,京王新線,24007,2,本八幡(都営線),急行,調布,つつじケ丘,6
14,京王新線,24007,2,本八幡(都営線),急行,つつじケ丘,千歳烏山,3
14,京王新線,24007,2,本八幡(都営線),急行,千歳烏山,桜上水,5
14,京王新線,24007,2,本八幡(都営線),急行,桜上水,明大前,3
14,京王新線,24007,2,本八幡(都営線),急行,明大前,笹塚,4
14,京王新線,24007,2,本八幡(都営線),急行,笹塚,幡ケ谷,2
14,京王新線,24007,2,本八幡(都営線),急行,幡ケ谷,初台,2
14,京王新線,24007,2,本八幡(都営線),急行,初台,新宿,3
14,京王新線,24007,2,本八幡(都営線),急行,新宿,新宿三丁目,1
14,京王新線,24007,2,本八幡(都営線),急行,新宿三丁目,曙橋,2
14,京王新線,24007,2,本八幡(都営線),急行,曙橋,市ケ谷,2
14,京王新線,24007,2,本八幡(都営線),急行,市ケ谷,九段下,2
14,京王新線,24007,2,本八幡(都営線),急行,九段下,神保町,1
14,京王新線,24007,2,本八幡(都営線),急行,神保町,小川町(東京都),2
14,京王新線,24007,2,本八幡(都営線),急行,小川町(東京都),岩本町,1
14,京王新線,24007,2,本八幡(都営線),急行,岩本町,馬喰横山,2
14,京王新線,24007,2,本八幡(都営線),急行,馬喰横山,浜町,1
14,京王新線,24007,2,本八幡(都営線),急行,浜町,森下(東京都),1
14,京王新線,24007,2,本八幡(都営線),急行,森下(東京都),菊川(東京都),1
14,京王新線,24007,2,本八幡(都営線),急行,菊川(東京都),住吉(東京都),2
14,京王新線,24007,2,本八幡(都営線),急行,住吉(東京都),西大島,1
14,京王新線,24007,2,本八幡(都営線),急行,西大島,大島(東京都),1
14,京王新線,24007,2,本八幡(都営線),急行,大島(東京都),東大島,1
14,京王新線,24007,2,本八幡(都営線),急行,東大島,船堀,2
14,京王新線,24007,2,本八幡(都営線),急行,船堀,一之江,2
14,京王新線,24007,2,本八幡(都営線),急行,一之江,瑞江,2
14,京王新線,24007,2,本八幡(都営線),急行,瑞江,篠崎,2
14,京王新線,24007,2,本八幡(都営線),急行,篠崎,本八幡(都営線),3
14,京王新線,24007,3,本八幡(都営線),区間急行,橋本(神奈川県),多摩境,2
14,京王新線,24007,3,本八幡(都営線),区間急行,多摩境,南大沢,2
14,京王新線,24007,3,本八幡(都営線),区間急行,南大沢,京王堀之内,2
14,京王新線,24007,3,本八幡(都営線),区間急行,京王堀之内,京王多摩センター,3
14,京王新線,24007,3,本八幡(都営線),区間急行,京王多摩センター,京王永山,2
14,京王新線,24007,3,本八幡(都営線),区間急行,京王永山,若葉台,4
14,京王新線,24007,3,本八幡(都営線),区間急行,若葉台,稲城,3
14,京王新線,24007,3,本八幡(都営線),区間急行,稲城,京王よみうりランド,2
14,京王新線,24007,3,本八幡(都営線),区間急行,京王よみうりランド,京王稲田堤,2
14,京王新線,24007,3,本八幡(都営線),区間急行,京王稲田堤,京王多摩川,2
14,京王新線,24007,3,本八幡(都営線),区間急行,京王多摩川,調布,3
14,京王新線,24007,3,本八幡(都営線),区間急行,調布,つつじケ丘,7
14,京王新線,24007,3,本八幡(都営線),区間急行,つつじケ丘,仙川,1
14,京王新線,24007,3,本八幡(都営線),区間急行,仙川,千歳烏山,2
14,京王新線,24007,3,本八幡(都営線),区間急行,千歳烏山,桜上水,6
14,京王新線,24007,3,本八幡(都営線),区間急行,桜上水,明大前,3
14,京王新線,24007,3,本八幡(都営線),区間急行,明大前,笹塚,3
14,京王新線,24007,3,本八幡(都営線),区間急行,笹塚,幡ケ谷,2
14,京王新線,24007,3,本八幡(都営線),区間急行,幡ケ谷,初台,1
14,京王新線,24007,3,本八幡(都営線),区間急行,初台,新宿,3
14,京王新線,24007,3,本八幡(都営線),区間急行,新宿,新宿三丁目,1
14,京王新線,24007,3,本八幡(都営線),区間急行,新宿三丁目,曙橋,2
14,京王新線,24007,3,本八幡(都営線),区間急行,曙橋,市ケ谷,2
14,京王新線,24007,3,本八幡(都営線),区間急行,市ケ谷,九段下,1
14,京王新線,24007,3,本八幡(都営線),区間急行,九段下,神保町,1
14,京王新線,24007,3,本八幡(都営線),区間急行,神保町,小川町(東京都),1
14,京王新線,24007,3,本八幡(都営線),区間急行,小川町(東京都),岩本町,1
14,京王新線,24007,3,本八幡(都営線),区間急行,岩本町,馬喰横山,1
14,京王新線,24007,3,本八幡(都営線),区間急行,馬喰横山,浜町,1
14,京王新線,24007,3,本八幡(都営線),区間急行,浜町,森下(東京都),2
14,京王新線,24007,3,本八幡(都営線),区間急行,森下(東京都),菊川(東京都),1
14,京王新線,24007,3,本八幡(都営線),区間急行,菊川(東京都),住吉(東京都),1
14,京王新線,24007,3,本八幡(都営線),区間急行,住吉(東京都),西大島,1
14,京王新線,24007,3,本八幡(都営線),区間急行,西大島,大島(東京都),2
14,京王新線,24007,3,本八幡(都営線),区間急行,大島(東京都),東大島,2
14,京王新線,24007,3,本八幡(都営線),区間急行,東大島,船堀,2
14,京王新線,24007,3,本八幡(都営線),区間急行,船堀,一之江,2
14,京王新線,24007,3,本八幡(都営線),区間急行,一之江,瑞江,3
14,京王新線,24007,3,本八幡(都営線),区間急行,瑞江,篠崎,2
14,京王新線,24007,3,本八幡(都営線),区間急行,篠崎,本八幡(都営線),3
14,京王新線,24007,4,大島(東京都),普通,笹塚,幡ケ谷,1
14,京王新線,24007,4,大島(東京都),普通,幡ケ谷,初台,2
14,京王新線,24007,4,大島(東京都),普通,初台,新宿,3
14,京王新線,24007,4,大島(東京都),普通,新宿,新宿三丁目,1
14,京王新線,24007,4,大島(東京都),普通,新宿三丁目,曙橋,2
14,京王新線,24007,4,大島(東京都),普通,曙橋,市ケ谷,2
14,京王新線,24007,4,大島(東京都),普通,市ケ谷,九段下,1
14,京王新線,24007,4,大島(東京都),普通,九段下,神保町,1
14,京王新線,24007,4,大島(東京都),普通,神保町,小川町(東京都),1
14,京王新線,24007,4,大島(東京都),普通,小川町(東京都),岩本町,1
14,京王新線,24007,4,大島(東京都),普通,岩本町,馬喰横山,1
14,京王新線,24007,4,大島(東京都),普通,馬喰横山,浜町,1
14,京王新線,24007,4,大島(東京都),普通,浜町,森下(東京都),2
14,京王新線,24007,4,大島(東京都),普通,森下(東京都),菊川(東京都),1
14,京王新線,24007,4,大島(東京都),普通,菊川(東京都),住吉(東京都),1
14,京王新線,24007,4,大島(東京都),普通,住吉(東京都),西大島,1
14,京王新線,24007,4,大島(東京都),普通,西大島,大島(東京都),2
14,京王新線,24007,5,本八幡(都営線),普通,高尾山口,高尾(東京都),3
14,京王新線,24007,5,本八幡(都営線),普通,高尾(東京都),狭間,1
14,京王新線,24007,5,本八幡(都営線),普通,狭間,めじろ台,1
14,京王新線,24007,5,本八幡(都営線),普通,めじろ台,山田(東京都),2
14,京王新線,24007,5,本八幡(都営線),普通,山田(東京都),京王片倉,2
14,京王新線,24007,5,本八幡(都営線),普通,京王片倉,北野(東京都),3
14,京王新線,24007,5,本八幡(都営線),普通,北野(東京都),長沼(東京都),1
14,京王新線,24007,5,本八幡(都営線),普通,長沼(東京都),平山城址公園,2
14,京王新線,24007,5,本八幡(都営線),普通,平山城址公園,南平,2
14,京王新線,24007,5,本八幡(都営線),普通,南平,高幡不動,3
14,京王新線,24007,5,本八幡(都営線),普通,高幡不動,百草園,2
14,京王新線,24007,5,本八幡(都営線),普通,百草園,聖蹟桜ケ丘,2
14,京王新線,24007,5,本八幡(都営線),普通,聖蹟桜ケ丘,中河原,2
14,京王新線,24007,5,本八幡(都営線),普通,中河原,分倍河原,2
14,京王新線,24007,5,本八幡(都営線),普通,分倍河原,府中(東京都),3
14,京王新線,24007,5,本八幡(都営線),普通,府中(東京都),東府中,2
14,京王新線,24007,5,本八幡(都営線),普通,東府中,多磨霊園,1
14,京王新線,24007,5,本八幡(都営線),普通,多磨霊園,武蔵野台,1
14,京王新線,24007,5,本八幡(都営線),普通,武蔵野台,飛田給,2
14,京王新線,24007,5,本八幡(都営線),普通,飛田給,西調布,1
14,京王新線,24007,5,本八幡(都営線),普通,西調布,調布,4
14,京王新線,24007,5,本八幡(都営線),普通,調布,布田,1
14,京王新線,24007,5,本八幡(都営線),普通,布田,国領,1
14,京王新線,24007,5,本八幡(都営線),普通,国領,柴崎,1
14,京王新線,24007,5,本八幡(都営線),普通,柴崎,つつじケ丘,3
14,京王新線,24007,5,本八幡(都営線),普通,つつじケ丘,仙川,1
14,京王新線,24007,5,本八幡(都営線),普通,仙川,千歳烏山,2
14,京王新線,24007,5,本八幡(都営線),普通,千歳烏山,芦花公園,1
14,京王新線,24007,5,本八幡(都営線),普通,芦花公園,八幡山,2
14,京王新線,24007,5,本八幡(都営線),普通,八幡山,上北沢,2
14,京王新線,24007,5,本八幡(都営線),普通,上北沢,桜上水,2
14,京王新線,24007,5,本八幡(都営線),普通,桜上水,下高井戸,1
14,京王新線,24007,5,本八幡(都営線),普通,下高井戸,明大前,2
14,京王新線,24007,5,本八幡(都営線),普通,明大前,代田橋,1
14,京王新線,24007,5,本八幡(都営線),普通,代田橋,笹塚,2
14,京王新線,24007,5,本八幡(都営線),普通,笹塚,幡ケ谷,1
14,京王新線,24007,5,本八幡(都営線),普通,幡ケ谷,初台,2
14,京王新線,24007,5,本八幡(都営線),普通,初台,新宿,3
14,京王新線,24007,5,本八幡(都営線),普通,新宿,新宿三丁目,1
14,京王新線,24007,5,本八幡(都営線),普通,新宿三丁目,曙橋,2
14,京王新線,24007,5,本八幡(都営線),普通,曙橋,市ケ谷,2
14,京王新線,24007,5,本八幡(都営線),普通,市ケ谷,九段下,2
14,京王新線,24007,5,本八幡(都営線),普通,九段下,神保町,1
14,京王新線,24007,5,本八幡(都営線),普通,神保町,小川町(東京都),2
14,京王新線,24007,5,本八幡(都営線),普通,小川町(東京都),岩本町,1
14,京王新線,24007,5,本八幡(都営線),普通,岩本町,馬喰横山,2
14,京王新線,24007,5,本八幡(都営線),普通,馬喰横山,浜町,1
14,京王新線,24007,5,本八幡(都営線),普通,浜町,森下(東京都),1
14,京王新線,24007,5,本八幡(都営線),普通,森下(東京都),菊川(東京都),1
14,京王新線,24007,5,本八幡(都営線),普通,菊川(東京都),住吉(東京都),2
14,京王新線,24007,5,本八幡(都営線),普通,住吉(東京都),西大島,1
14,京王新線,24007,5,本八幡(都営線),普通,西大島,大島(東京都),1
14,京王新線,24007,5,本八幡(都営線),普通,大島(東京都),東大島,1
14,京王新線,24007,5,本八幡(都営線),普通,東大島,船堀,2
14,京王新線,24007,5,本八幡(都営線),普通,船堀,一之江,2
14,京王新線,24007,5,本八幡(都営線),普通,一之江,瑞江,2
14,京王新線,24007,5,本八幡(都営線),普通,瑞江,篠崎,2
14,京王新線,24007,5,本八幡(都営線),普通,篠崎,本八幡(都営線),3
14,京王新線,24007,6,大島(東京都),普通,橋本(神奈川県),多摩境,2
14,京王新線,24007,6,大島(東京都),普通,多摩境,南大沢,2
14,京王新線,24007,6,大島(東京都),普通,南大沢,京王堀之内,2
14,京王新線,24007,6,大島(東京都),普通,京王堀之内,京王多摩センター,3
14,京王新線,24007,6,大島(東京都),普通,京王多摩センター,京王永山,2
14,京王新線,24007,6,大島(東京都),普通,京王永山,若葉台,3
14,京王新線,24007,6,大島(東京都),普通,若葉台,稲城,3
14,京王新線,24007,6,大島(東京都),普通,稲城,京王よみうりランド,2
14,京王新線,24007,6,大島(東京都),普通,京王よみうりランド,京王稲田堤,1
14,京王新線,24007,6,大島(東京都),普通,京王稲田堤,京王多摩川,1
14,京王新線,24007,6,大島(東京都),普通,京王多摩川,調布,3
14,京王新線,24007,6,大島(東京都),普通,調布,布田,1
14,京王新線,24007,6,大島(東京都),普通,布田,国領,1
14,京王新線,24007,6,大島(東京都),普通,国領,柴崎,1
14,京王新線,24007,6,大島(東京都),普通,柴崎,つつじケ丘,3
14,京王新線,24007,6,大島(東京都),普通,つつじケ丘,仙川,1
14,京王新線,24007,6,大島(東京都),普通,仙川,千歳烏山,2
14,京王新線,24007,6,大島(東京都),普通,千歳烏山,芦花公園,1
14,京王新線,24007,6,大島(東京都),普通,芦花公園,八幡山,2
14,京王新線,24007,6,大島(東京都),普通,八幡山,上北沢,1
14,京王新線,24007,6,大島(東京都),普通,上北沢,桜上水,2
14,京王新線,24007,6,大島(東京都),普通,桜上水,下高井戸,3
14,京王新線,24007,6,大島(東京都),普通,下高井戸,明大前,1
14,京王新線,24007,6,大島(東京都),普通,明大前,代田橋,1
14,京王新線,24007,6,大島(東京都),普通,代田橋,笹塚,1
14,京王新線,24007,6,大島(東京都),普通,笹塚,幡ケ谷,2
14,京王新線,24007,6,大島(東京都),普通,幡ケ谷,初台,1
14,京王新線,24007,6,大島(東京都),普通,初台,新宿,2
14,京王新線,24007,6,大島(東京都),普通,新宿,新宿三丁目,1
14,京王新線,24007,6,大島(東京都),普通,新宿三丁目,曙橋,2
14,京王新線,24007,6,大島(東京都),普通,曙橋,市ケ谷,2
14,京王新線,24007,6,大島(東京都),普通,市ケ谷,九段下,1
14,京王新線,24007,6,大島(東京都),普通,九段下,神保町,1
14,京王新線,24007,6,大島(東京都),普通,神保町,小川町(東京都),1
14,京王新線,24007,6,大島(東京都),普通,小川町(東京都),岩本町,1
14,京王新線,24007,6,大島(東京都),普通,岩本町,馬喰横山,1
14,京王新線,24007,6,大島(東京都),普通,馬喰横山,浜町,1
14,京王新線,24007,6,大島(東京都),普通,浜町,森下(東京都),2
14,京王新線,24007,6,大島(東京都),普通,森下(東京都),菊川(東京都),1
14,京王新線,24007,6,大島(東京都),普通,菊川(東京都),住吉(東京都),1
14,京王新線,24007,6,大島(東京都),普通,住吉(東京都),西大島,1
14,京王新線,24007,6,大島(東京都),普通,西大島,大島(東京都),2
14,京王新線,24007,7,本八幡(都営線),快速,つつじケ丘,仙川,2
14,京王新線,24007,7,本八幡(都営線),快速,仙川,千歳烏山,2
14,京王新線,24007,7,本八幡(都営線),快速,千歳烏山,八幡山,2
14,京王新線,24007,7,本八幡(都営線),快速,八幡山,桜上水,3
14,京王新線,24007,7,本八幡(都営線),快速,桜上水,下高井戸,2
14,京王新線,24007,7,本八幡(都営線),快速,下高井戸,明大前,2
14,京王新線,24007,7,本八幡(都営線),快速,明大前,笹塚,3
14,京王新線,24007,7,本八幡(都営線),快速,笹塚,幡ケ谷,1
14,京王新線,24007,7,本八幡(都営線),快速,幡ケ谷,初台,1
14,京王新線,24007,7,本八幡(都営線),快速,初台,新宿,3
14,京王新線,24007,7,本八幡(都営線),快速,新宿,新宿三丁目,1
14,京王新線,24007,7,本八幡(都営線),快速,新宿三丁目,曙橋,2
14,京王新線,24007,7,本八幡(都営線),快速,曙橋,市ケ谷,2
14,京王新線,24007,7,本八幡(都営線),快速,市ケ谷,九段下,2
14,京王新線,24007,7,本八幡(都営線),快速,九段下,神保町,1
14,京王新線,24007,7,本八幡(都営線),快速,神保町,小川町(東京都),2
14,京王新線,24007,7,本八幡(都営線),快速,小川町(東京都),岩本町,1
14,京王新線,24007,7,本八幡(都営線),快速,岩本町,馬喰横山,2
14,京王新線,24007,7,本八幡(都営線),快速,馬喰横山,浜町,1
14,京王新線,24007,7,本八幡(都営線),快速,浜町,森下(東京都),1
14,京王新線,24007,7,本八幡(都営線),快速,森下(東京都),菊川(東京都),1
14,京王新線,24007,7,本八幡(都営線),快速,菊川(東京都),住吉(東京都),2
14,京王新線,24007,7,本八幡(都営線),快速,住吉(東京都),西大島,1
14,京王新線,24007,7,本八幡(都営線),快速,西大島,大島(東京都),1
14,京王新線,24007,7,本八幡(都営線),快速,大島(東京都),東大島,1
14,京王新線,24007,7,本八幡(都営線),快速,東大島,船堀,2
14,京王新線,24007,7,本八幡(都営線),快速,船堀,一之江,2
14,京王新線,24007,7,本八幡(都営線),快速,一之江,瑞江,2
14,京王新線,24007,7,本八幡(都営線),快速,瑞江,篠崎,2
14,京王新線,24007,7,本八幡(都営線),快速,篠崎,本八幡(都営線),3
14,京王新線,24007,8,大島(東京都),区間急行,橋本(神奈川県),多摩境,2
14,京王新線,24007,8,大島(東京都),区間急行,多摩境,南大沢,2
14,京王新線,24007,8,大島(東京都),区間急行,南大沢,京王堀之内,2
14,京王新線,24007,8,大島(東京都),区間急行,京王堀之内,京王多摩センター,3
14,京王新線,24007,8,大島(東京都),区間急行,京王多摩センター,京王永山,3
14,京王新線,24007,8,大島(東京都),区間急行,京王永山,若葉台,3
14,京王新線,24007,8,大島(東京都),区間急行,若葉台,稲城,3
14,京王新線,24007,8,大島(東京都),区間急行,稲城,京王よみうりランド,2
14,京王新線,24007,8,大島(東京都),区間急行,京王よみうりランド,京王稲田堤,2
14,京王新線,24007,8,大島(東京都),区間急行,京王稲田堤,京王多摩川,1
14,京王新線,24007,8,大島(東京都),区間急行,京王多摩川,調布,2
14,京王新線,24007,8,大島(東京都),区間急行,調布,つつじケ丘,4
14,京王新線,24007,8,大島(東京都),区間急行,つつじケ丘,仙川,1
14,京王新線,24007,8,大島(東京都),区間急行,仙川,千歳烏山,1
14,京王新線,24007,8,大島(東京都),区間急行,千歳烏山,桜上水,4
14,京王新線,24007,8,大島(東京都),区間急行,桜上水,明大前,3
14,京王新線,24007,8,大島(東京都),区間急行,明大前,笹塚,3
14,京王新線,24007,8,大島(東京都),区間急行,笹塚,幡ケ谷,1
14,京王新線,24007,8,大島(東京都),区間急行,幡ケ谷,初台,1
14,京王新線,24007,8,大島(東京都),区間急行,初台,新宿,2
14,京王新線,24007,8,大島(東京都),区間急行,新宿,新宿三丁目,1
14,京王新線,24007,8,大島(東京都),区間急行,新宿三丁目,曙橋,2
14,京王新線,24007,8,大島(東京都),区間急行,曙橋,市ケ谷,2
14,京王新線,24007,8,大島(東京都),区間急行,市ケ谷,九段下,2
14,京王新線,24007,8,大島(東京都),区間急行,九段下,神保町,1
14,京王新線,24007,8,大島(東京都),区間急行,神保町,小川町(東京都),2
14,京王新線,24007,8,大島(東京都),区間急行,小川町(東京都),岩本町,1
14,京王新線,24007,8,大島(東京都),区間急行,岩本町,馬喰横山,2
14,京王新線,24007,8,大島(東京都),区間急行,馬喰横山,浜町,1
14,京王新線,24007,8,大島(東京都),区間急行,浜町,森下(東京都),1
14,京王新線,24007,8,大島(東京都),区間急行,森下(東京都),菊川(東京都),1
14,京王新線,24007,8,大島(東京都),区間急行,菊川(東京都),住吉(東京都),2
14,京王新線,24007,8,大島(東京都),区間急行,住吉(東京都),西大島,1
14,京王新線,24007,8,大島(東京都),区間急行,西大島,大島(東京都),1
14,京王新線,24007,9,本八幡(都営線),区間急行,若葉台,稲城,2
14,京王新線,24007,9,本八幡(都営線),区間急行,稲城,京王よみうりランド,1
14,京王新線,24007,9,本八幡(都営線),区間急行,京王よみうりランド,京王稲田堤,1
14,京王新線,24007,9,本八幡(都営線),区間急行,京王稲田堤,京王多摩川,2
14,京王新線,24007,9,本八幡(都営線),区間急行,京王多摩川,調布,3
14,京王新線,24007,9,本八幡(都営線),区間急行,調布,つつじケ丘,3
14,京王新線,24007,9,本八幡(都営線),区間急行,つつじケ丘,仙川,1
14,京王新線,24007,9,本八幡(都営線),区間急行,仙川,千歳烏山,2
14,京王新線,24007,9,本八幡(都営線),区間急行,千歳烏山,桜上水,4
14,京王新線,24007,9,本八幡(都営線),区間急行,桜上水,明大前,3
14,京王新線,24007,9,本八幡(都営線),区間急行,明大前,笹塚,2
14,京王新線,24007,9,本八幡(都営線),区間急行,笹塚,幡ケ谷,1
14,京王新線,24007,9,本八幡(都営線),区間急行,幡ケ谷,初台,1
14,京王新線,24007,9,本八幡(都営線),区間急行,初台,新宿,3
14,京王新線,24007,9,本八幡(都営線),区間急行,新宿,新宿三丁目,1
14,京王新線,24007,9,本八幡(都営線),区間急行,新宿三丁目,曙橋,2
14,京王新線,24007,9,本八幡(都営線),区間急行,曙橋,市ケ谷,2
14,京王新線,24007,9,本八幡(都営線),区間急行,市ケ谷,九段下,2
14,京王新線,24007,9,本八幡(都営線),区間急行,九段下,神保町,1
14,京王新線,24007,9,本八幡(都営線),区間急行,神保町,小川町(東京都),1
14,京王新線,24007,9,本八幡(都営線),区間急行,小川町(東京都),岩本町,1
14,京王新線,24007,9,本八幡(都営線),区間急行,岩本町,馬喰横山,2
14,京王新線,24007,9,本八幡(都営線),区間急行,馬喰横山,浜町,1
14,京王新線,24007,9,本八幡(都営線),区間急行,浜町,森下(東京都),1
14,京王新線,24007,9,本八幡(都営線),区間急行,森下(東京都),菊川(東京都),2
14,京王新線,24007,9,本八幡(都営線),区間急行,菊川(東京都),住吉(東京都),1
14,京王新線,24007,9,本八幡(都営線),区間急行,住吉(東京都),西大島,1
14,京王新線,24007,9,本八幡(都営線),区間急行,西大島,大島(東京都),2
14,京王新線,24007,9,本八幡(都営線),区間急行,大島(東京都),東大島,2
14,京王新線,24007,9,本八幡(都営線),区間急行,東大島,船堀,2
14,京王新線,24007,9,本八幡(都営線),区間急行,船堀,一之江,2
14,京王新線,24007,9,本八幡(都営線),区間急行,一之江,瑞江,2
14,京王新線,24007,9,本八幡(都営線),区間急行,瑞江,篠崎,2
14,京王新線,24007,9,本八幡(都営線),区間急行,篠崎,本八幡(都営線),4
14,京王新線,24007,10,本八幡(都営線),快速,橋本(神奈川県),多摩境,3
14,京王新線,24007,10,本八幡(都営線),快速,多摩境,南大沢,2
14,京王新線,24007,10,本八幡(都営線),快速,南大沢,京王堀之内,2
14,京王新線,24007,10,本八幡(都営線),快速,京王堀之内,京王多摩センター,2
14,京王新線,24007,10,本八幡(都営線),快速,京王多摩センター,京王永山,2
14,京王新線,24007,10,本八幡(都営線),快速,京王永山,若葉台,3
14,京王新線,24007,10,本八幡(都営線),快速,若葉台,稲城,3
14,京王新線,24007,10,本八幡(都営線),快速,稲城,京王よみうりランド,1
14,京王新線,24007,10,本八幡(都営線),快速,京王よみうりランド,京王稲田堤,1
14,京王新線,24007,10,本八幡(都営線),快速,京王稲田堤,京王多摩川,1
14,京王新線,24007,10,本八幡(都営線),快速,京王多摩川,調布,2
14,京王新線,24007,10,本八幡(都営線),快速,調布,つつじケ丘,4
14,京王新線,24007,10,本八幡(都営線),快速,つつじケ丘,仙川,1
14,京王新線,24007,10,本八幡(都営線),快速,仙川,千歳烏山,2
14,京王新線,24007,10,本八幡(都営線),快速,千歳烏山,八幡山,2
14,京王新線,24007,10,本八幡(都営線),快速,八幡山,桜上水,2
14,京王新線,24007,10,本八幡(都営線),快速,桜上水,下高井戸,1
14,京王新線,24007,10,本八幡(都営線),快速,下高井戸,明大前,2
14,京王新線,24007,10,本八幡(都営線),快速,明大前,笹塚,2
14,京王新線,24007,10,本八幡(都営線),快速,笹塚,幡ケ谷,1
14,京王新線,24007,10,本八幡(都営線),快速,幡ケ谷,初台,1
14,京王新線,24007,10,本八幡(都営線),快速,初台,新宿,3
14,京王新線,24007,10,本八幡(都営線),快速,新宿,新宿三丁目,1
14,京王新線,24007,10,本八幡(都営線),快速,新宿三丁目,曙橋,2
14,京王新線,24007,10,本八幡(都営線),快速,曙橋,市ケ谷,2
14,京王新線,24007,10,本八幡(都営線),快速,市ケ谷,九段下,2
14,京王新線,24007,10,本八幡(都営線),快速,九段下,神保町,1
14,京王新線,24007,10,本八幡(都営線),快速,神保町,小川町(東京都),2
14,京王新線,24007,10,本八幡(都営線),快速,小川町(東京都),岩本町,2
14,京王新線,24007,10,本八幡(都営線),快速,岩本町,馬喰横山,1
14,京王新線,24007,10,本八幡(都営線),快速,馬喰横山,浜町,1
14,京王新線,24007,10,本八幡(都営線),快速,浜町,森下(東京都),1
14,京王新線,24007,10,本八幡(都営線),快速,森下(東京都),菊川(東京都),1
14,京王新線,24007,10,本八幡(都営線),快速,菊川(東京都),住吉(東京都),2
14,京王新線,24007,10,本八幡(都営線),快速,住吉(東京都),西大島,1
14,京王新線,24007,10,本八幡(都営線),快速,西大島,大島(東京都),1
14,京王新線,24007,10,本八幡(都営線),快速,大島(東京都),東大島,2
14,京王新線,24007,10,本八幡(都営線),快速,東大島,船堀,2
14,京王新線,24007,10,本八幡(都営線),快速,船堀,一之江,2
14,京王新線,24007,10,本八幡(都営線),快速,一之江,瑞江,2
14,京王新線,24007,10,本八幡(都営線),快速,瑞江,篠崎,2
14,京王新線,24007,10,本八幡(都営線),快速,篠崎,本八幡(都営線),3
14,京王新線,24007,11,本八幡(都営線),急行,笹塚,幡ケ谷,1
14,京王新線,24007,11,本八幡(都営線),急行,幡ケ谷,初台,1
14,京王新線,24007,11,本八幡(都営線),急行,初台,新宿,3
14,京王新線,24007,11,本八幡(都営線),急行,新宿,市ケ谷,4
14,京王新線,24007,11,本八幡(都営線),急行,市ケ谷,神保町,2
14,京王新線,24007,11,本八幡(都営線),急行,神保町,馬喰横山,3
14,京王新線,24007,11,本八幡(都営線),急行,馬喰横山,森下(東京都),2
14,京王新線,24007,11,本八幡(都営線),急行,森下(東京都),大島(東京都),4
14,京王新線,24007,11,本八幡(都営線),急行,大島(東京都),船堀,3
14,京王新線,24007,11,本八幡(都営線),急行,船堀,本八幡(都営線),7
14,京王新線,24007,12,本八幡(都営線),快速,京王多摩センター,京王永山,2
14,京王新線,24007,12,本八幡(都営線),快速,京王永山,若葉台,2
14,京王新線,24007,12,本八幡(都営線),快速,若葉台,稲城,2
14,京王新線,24007,12,本八幡(都営線),快速,稲城,京王よみうりランド,2
14,京王新線,24007,12,本八幡(都営線),快速,京王よみうりランド,京王稲田堤,1
14,京王新線,24007,12,本八幡(都営線),快速,京王稲田堤,京王多摩川,1
14,京王新線,24007,12,本八幡(都営線),快速,京王多摩川,調布,2
14,京王新線,24007,12,本八幡(都営線),快速,調布,つつじケ丘,3
14,京王新線,24007,12,本八幡(都営線),快速,つつじケ丘,仙川,1
14,京王新線,24007,12,本八幡(都営線),快速,仙川,千歳烏山,1
14,京王新線,24007,12,本八幡(都営線),快速,千歳烏山,八幡山,2
14,京王新線,24007,12,本八幡(都営線),快速,八幡山,桜上水,2
14,京王新線,24007,12,本八幡(都営線),快速,桜上水,下高井戸,1
14,京王新線,24007,12,本八幡(都営線),快速,下高井戸,明大前,2
14,京王新線,24007,12,本八幡(都営線),快速,明大前,笹塚,2
14,京王新線,24007,12,本八幡(都営線),快速,笹塚,幡ケ谷,1
14,京王新線,24007,12,本八幡(都営線),快速,幡ケ谷,初台,1
14,京王新線,24007,12,本八幡(都営線),快速,初台,新宿,2
14,京王新線,24007,12,本八幡(都営線),快速,新宿,新宿三丁目,1
14,京王新線,24007,12,本八幡(都営線),快速,新宿三丁目,曙橋,2
14,京王新線,24007,12,本八幡(都営線),快速,曙橋,市ケ谷,2
14,京王新線,24007,12,本八幡(都営線),快速,市ケ谷,九段下,2
14,京王新線,24007,12,本八幡(都営線),快速,九段下,神保町,1
14,京王新線,24007,12,本八幡(都営線),快速,神保町,小川町(東京都),2
14,京王新線,24007,12,本八幡(都営線),快速,小川町(東京都),岩本町,2
14,京王新線,24007,12,本八幡(都営線),快速,岩本町,馬喰横山,1
14,京王新線,24007,12,本八幡(都営線),快速,馬喰横山,浜町,1
14,京王新線,24007,12,本八幡(都営線),快速,浜町,森下(東京都),1
14,京王新線,24007,12,本八幡(都営線),快速,森下(東京都),菊川(東京都),1
14,京王新線,24007,12,本八幡(都営線),快速,菊川(東京都),住吉(東京都),2
14,京王新線,24007,12,本八幡(都営線),快速,住吉(東京都),西大島,1
14,京王新線,24007,12,本八幡(都営線),快速,西大島,大島(東京都),1
14,京王新線,24007,12,本八幡(都営線),快速,大島(東京都),東大島,2
14,京王新線,24007,12,本八幡(都営線),快速,東大島,船堀,2
14,京王新線,24007,12,本八幡(都営線),快速,船堀,一之江,2
14,京王新線,24007,12,本八幡(都営線),快速,一之江,瑞江,2
14,京王新線,24007,12,本八幡(都営線),快速,瑞江,篠崎,2
14,京王新線,24007,12,本八幡(都営線),快速,篠崎,本八幡(都営線),3
14,京王新線,24007,13,本八幡(都営線),快速,若葉台,稲城,3
14,京王新線,24007,13,本八幡(都営線),快速,稲城,京王よみうりランド,2
14,京王新線,24007,13,本八幡(都営線),快速,京王よみうりランド,京王稲田堤,2
14,京王新線,24007,13,本八幡(都営線),快速,京王稲田堤,京王多摩川,2
14,京王新線,24007,13,本八幡(都営線),快速,京王多摩川,調布,2
14,京王新線,24007,13,本八幡(都営線),快速,調布,つつじケ丘,3
14,京王新線,24007,13,本八幡(都営線),快速,つつじケ丘,仙川,2
14,京王新線,24007,13,本八幡(都営線),快速,仙川,千歳烏山,2
14,京王新線,24007,13,本八幡(都営線),快速,千歳烏山,八幡山,2
14,京王新線,24007,13,本八幡(都営線),快速,八幡山,桜上水,2
14,京王新線,24007,13,本八幡(都営線),快速,桜上水,下高井戸,1
14,京王新線,24007,13,本八幡(都営線),快速,下高井戸,明大前,2
14,京王新線,24007,13,本八幡(都営線),快速,明大前,笹塚,2
14,京王新線,24007,13,本八幡(都営線),快速,笹塚,幡ケ谷,1
14,京王新線,24007,13,本八幡(都営線),快速,幡ケ谷,初台,1
14,京王新線,24007,13,本八幡(都営線),快速,初台,新宿,2
14,京王新線,24007,13,本八幡(都営線),快速,新宿,新宿三丁目,1
14,京王新線,24007,13,本八幡(都営線),快速,新宿三丁目,曙橋,2
14,京王新線,24007,13,本八幡(都営線),快速,曙橋,市ケ谷,2
14,京王新線,24007,13,本八幡(都営線),快速,市ケ谷,九段下,2
14,京王新線,24007,13,本八幡(都営線),快速,九段下,神保町,1
14,京王新線,24007,13,本八幡(都営線),快速,神保町,小川町(東京都),2
14,京王新線,24007,13,本八幡(都営線),快速,小川町(東京都),岩本町,2
14,京王新線,24007,13,本八幡(都営線),快速,岩本町,馬喰横山,1
14,京王新線,24007,13,本八幡(都営線),快速,馬喰横山,浜町,1
14,京王新線,24007,13,本八幡(都営線),快速,浜町,森下(東京都),1
14,京王新線,24007,13,本八幡(都営線),快速,森下(東京都),菊川(東京都),1
14,京王新線,24007,13,本八幡(都営線),快速,菊川(東京都),住吉(東京都),2
14,京王新線,24007,13,本八幡(都営線),快速,住吉(東京都),西大島,1
14,京王新線,24007,13,本八幡(都営線),快速,西大島,大島(東京都),1
14,京王新線,24007,13,本八幡(都営線),快速,大島(東京都),東大島,2
14,京王新線,24007,13,本八幡(都営線),快速,東大島,船堀,2
14,京王新線,24007,13,本八幡(都営線),快速,船堀,一之江,2
14,京王新線,24007,13,本八幡(都営線),快速,一之江,瑞江,2
14,京王新線,24007,13,本八幡(都営線),快速,瑞江,篠崎,2
14,京王新線,24007,13,本八幡(都営線),快速,篠崎,本八幡(都営線),3
14,京王新線,24007,14,本八幡(都営線),区間急行,京王多摩センター,京王永山,2
14,京王新線,24007,14,本八幡(都営線),区間急行,京王永山,若葉台,2
14,京王新線,24007,14,本八幡(都営線),区間急行,若葉台,稲城,3
14,京王新線,24007,14,本八幡(都営線),区間急行,稲城,京王よみうりランド,2
14,京王新線,24007,14,本八幡(都営線),区間急行,京王よみうりランド,京王稲田堤,2
14,京王新線,24007,14,本八幡(都営線),区間急行,京王稲田堤,京王多摩川,2
14,京王新線,24007,14,本八幡(都営線),区間急行,京王多摩川,調布,3
14,京王新線,24007,14,本八幡(都営線),区間急行,調布,つつじケ丘,3
14,京王新線,24007,14,本八幡(都営線),区間急行,つつじケ丘,仙川,2
14,京王新線,24007,14,本八幡(都営線),区間急行,仙川,千歳烏山,2
14,京王新線,24007,14,本八幡(都営線),区間急行,千歳烏山,桜上水,4
14,京王新線,24007,14,本八幡(都営線),区間急行,桜上水,明大前,2
14,京王新線,24007,14,本八幡(都営線),区間急行,明大前,笹塚,2
14,京王新線,24007,14,本八幡(都営線),区間急行,笹塚,幡ケ谷,1
14,京王新線,24007,14,本八幡(都営線),区間急行,幡ケ谷,初台,1
14,京王新線,24007,14,本八幡(都営線),区間急行,初台,新宿,2
14,京王新線,24007,14,本八幡(都営線),区間急行,新宿,新宿三丁目,1
14,京王新線,24007,14,本八幡(都営線),区間急行,新宿三丁目,曙橋,2
14,京王新線,24007,14,本八幡(都営線),区間急行,曙橋,市ケ谷,2
14,京王新線,24007,14,本八幡(都営線),区間急行,市ケ谷,九段下,2
14,京王新線,24007,14,本八幡(都営線),区間急行,九段下,神保町,1
14,京王新線,24007,14,本八幡(都営線),区間急行,神保町,小川町(東京都),2
14,京王新線,24007,14,本八幡(都営線),区間急行,小川町(東京都),岩本町,2
14,京王新線,24007,14,本八幡(都営線),区間急行,岩本町,馬喰横山,2
14,京王新線,24007,14,本八幡(都営線),区間急行,馬喰横山,浜町,1
14,京王新線,24007,14,本八幡(都営線),区間急行,浜町,森下(東京都),1
14,京王新線,24007,14,本八幡(都営線),区間急行,森下(東京都),菊川(東京都),1
14,京王新線,24007,14,本八幡(都営線),区間急行,菊川(東京都),住吉(東京都),2
14,京王新線,24007,14,本八幡(都営線),区間急行,住吉(東京都),西大島,1
14,京王新線,24007,14,本八幡(都営線),区間急行,西大島,大島(東京都),1
14,京王新線,24007,14,本八幡(都営線),区間急行,大島(東京都),東大島,2
14,京王新線,24007,14,本八幡(都営線),区間急行,東大島,船堀,2
14,京王新線,24007,14,本八幡(都営線),区間急行,船堀,一之江,2
14,京王新線,24007,14,本八幡(都営線),区間急行,一之江,瑞江,2
14,京王新線,24007,14,本八幡(都営線),区間急行,瑞江,篠崎,2
14,京王新線,24007,14,本八幡(都営線),区間急行,篠崎,本八幡(都営線),3
15,小田急線,25001,1,新松田,普通,小田原,足柄(神奈川県),2
15,小田急線,25001,1,新松田,普通,足柄(神奈川県),螢田,1
15,小田急線,25001,1,新松田,普通,螢田,富水,1
15,小田急線,25001,1,新松田,普通,富水,栢山,1
15,小田急線,25001,1,新松田,普通,栢山,開成,2
15,小田急線,25001,1,新松田,普通,開成,新松田,3
15,小田急線,25001,2,新宿,快速急行,小田原,新松田,9
15,小田急線,25001,2,新宿,快速急行,新松田,渋沢,6
15,小田急線,25001,2,新宿,快速急行,渋沢,秦野,4
15,小田急線,25001,2,新宿,快速急行,秦野,東海大学前,4
15,小田急線,25001,2,新宿,快速急行,東海大学前,鶴巻温泉,1
15,小田急線,25001,2,新宿,快速急行,鶴巻温泉,伊勢原,3
15,小田急線,25001,2,新宿,快速急行,伊勢原,愛甲石田,3
15,小田急線,25001,2,新宿,快速急行,愛甲石田,本厚木,4
15,小田急線,25001,2,新宿,快速急行,本厚木,海老名(相鉄・小田急),3
15,小田急線,25001,2,新宿,快速急行,海老名(相鉄・小田急),相模大野,8
15,小田急線,25001,2,新宿,快速急行,相模大野,町田,3
15,小田急線,25001,2,新宿,快速急行,町田,新百合ケ丘,10
15,小田急線,25001,2,新宿,快速急行,新百合ケ丘,登戸,6
15,小田急線,25001,2,新宿,快速急行,登戸,下北沢,9
15,小田急線,25001,2,新宿,快速急行,下北沢,代々木上原,4
15,小田急線,25001,2,新宿,快速急行,代々木上原,新宿,5
15,小田急線,25001,3,新宿,急行,小田原,開成,7
15,小田急線,25001,3,新宿,急行,開成,新松田,3
15,小田急線,25001,3,新宿,急行,新松田,渋沢,6
15,小田急線,25001,3,新宿,急行,渋沢,秦野,3
15,小田急線,25001,3,新宿,急行,秦野,東海大学前,4
15,小田急線,25001,3,新宿,急行,東海大学前,鶴巻温泉,1
15,小田急線,25001,3,新宿,急行,鶴巻温泉,伊勢原,3
15,小田急線,25001,3,新宿,急行,伊勢原,愛甲石田,3
15,小田急線,25001,3,新宿,急行,愛甲石田,本厚木,2
15,小田急線,25001,3,新宿,急行,本厚木,海老名(相鉄・小田急),2
15,小田急線,25001,3,新宿,急行,海老名(相鉄・小田急),相模大野,8
15,小田急線,25001,3,新宿,急行,相模大野,町田,2
15,小田急線,25001,3,新宿,急行,町田,新百合ケ丘,9
15,小田急線,25001,3,新宿,急行,新百合ケ丘,向ケ丘遊園,5
15,小田急線,25001,3,新宿,急行,向ケ丘遊園,登戸,1
15,小田急線,25001,3,新宿,急行,登戸,成城学園前,3
15,小田急線,25001,3,新宿,急行,成城学園前,経堂,3
15,小田急線,25001,3,新宿,急行,経堂,下北沢,3
15,小田急線,25001,3,新宿,急行,下北沢,代々木上原,3
15,小田急線,25001,3,新宿,急行,代々木上原,新宿,5
15,小田急線,25001,4,相模大野,普通,小田原,足柄(神奈川県),2
15,小田急線,25001,4,相模大野,普通,足柄(神奈川県),螢田,2
15,小田急線,25001,4,相模大野,普通,螢田,富水,2
15,小田急線,25001,4,相模大野,普通,富水,栢山,2
15,小田急線,25001,4,相模大野,普通,栢山,開成,2
15,小田急線,25001,4,相模大野,普通,開成,新松田,3
15,小田急線,25001,4,相模大野,普通,新松田,渋沢,6
15,小田急線,25001,4,相模大野,普通,渋沢,秦野,3
15,小田急線,25001,4,相模大野,普通,秦野,東海大学前,4
15,小田急線,25001,4,相模大野,普通,東海大学前,鶴巻温泉,2
15,小田急線,25001,4,相模大野,普通,鶴巻温泉,伊勢原,3
15,小田急線,25001,4,相模大野,普通,伊勢原,愛甲石田,3
15,小田急線,25001,4,相模大野,普通,愛甲石田,本厚木,2
15,小田急線,25001,4,相模大野,普通,本厚木,海老名(相鉄・小田急),3
15,小田急線,25001,4,相模大野,普通,海老名(相鉄・小田急),相模大野,7
15,小田急線,25001,5,新宿,特急,小田原,本厚木,27
15,小田急線,25001,5,新宿,特急,本厚木,町田,14
15,小田急線,25001,5,新宿,特急,町田,新宿,34
15,小田急線,25001,6,新宿,急行,小田原,開成,7
15,小田急線,25001,6,新宿,急行,開成,新松田,3
15,小田急線,25001,6,新宿,急行,新松田,渋沢,6
15,小田急線,25001,6,新宿,急行,渋沢,秦野,3
15,小田急線,25001,6,新宿,急行,秦野,東海大学前,4
15,小田急線,25001,6,新宿,急行,東海大学前,鶴巻温泉,1
15,小田急線,25001,6,新宿,急行,鶴巻温泉,伊勢原,3
15,小田急線,25001,6,新宿,急行,伊勢原,愛甲石田,4
15,小田急線,25001,6,新宿,急行,愛甲石田,本厚木,3
15,小田急線,25001,6,新宿,急行,本厚木,海老名(相鉄・小田急),3
15,小田急線,25001,6,新宿,急行,海老名(相鉄・小田急),相模大野,9
15,小田急線,25001,6,新宿,急行,相模大野,町田,2
15,小田急線,25001,6,新宿,急行,町田,新百合ケ丘,9
15,小田急線,25001,6,新宿,急行,新百合ケ丘,登戸,6
15,小田急線,25001,6,新宿,急行,登戸,下北沢,9
15,小田急線,25001,6,新宿,急行,下北沢,代々木上原,2
15,小田急線,25001,6,新宿,急行,代々木上原,新宿,5
15,小田急線,25001,7,新宿,特急,箱根湯本,小田原,14
15,小田急線,25001,7,新宿,特急,小田原,海老名(相鉄・小田急),33
15,小田急線,25001,7,新宿,特急,海老名(相鉄・小田急),町田,11
15,小田急線,25001,7,新宿,特急,町田,新宿,34
15,小田急線,25001,8,新宿,特急,箱根湯本,小田原,13
15,小田急線,25001,8,新宿,特急,小田原,秦野,17
15,小田急線,25001,8,新宿,特急,秦野,本厚木,12
15,小田急線,25001,8,新宿,特急,本厚木,相模大野,10
15,小田急線,25001,8,新宿,特急,相模大野,新百合ケ丘,11
15,小田急線,25001,8,新宿,特急,新百合ケ丘,新宿,24
15,小田急線,25001,9,新宿,特急,箱根湯本,小田原,12
15,小田急線,25001,9,新宿,特急,小田原,伊勢原,23
15,小田急線,25001,9,新宿,特急,伊勢原,海老名(相鉄・小田急),8
15,小田急線,25001,9,新宿,特急,海老名(相鉄・小田急),町田,10
15,小田急線,25001,9,新宿,特急,町田,新宿,34
15,小田急線,25001,10,北千住,特急,箱根湯本,小田原,17
15,小田急線,25001,10,北千住,特急,小田原,本厚木,29
15,小田急線,25001,10,北千住,特急,本厚木,町田,13
15,小田急線,25001,10,北千住,特急,町田,成城学園前,19
15,小田急線,25001,10,北千住,特急,成城学園前,表参道,14
15,小田急線,25001,10,北千住,特急,表参道,霞ケ関(東京都),6
15,小田急線,25001,10,北千住,特急,霞ケ関(東京都),大手町(東京都),4
15,小田急線,25001,10,北千住,特急,大手町(東京都),北千住,14
16,京急本線,27001,1,品川,特急,浦賀,馬堀海岸,2
16,京急本線,27001,1,品川,特急,馬堀海岸,京急大津,2
16,京急本線,27001,1,品川,特急,京急大津,堀ノ内,2
16,京急本線,27001,1,品川,特急,堀ノ内,横須賀中央,3
16,京急本線,27001,1,品川,特急,横須賀中央,汐入,1
16,京急本線,27001,1,品川,特急,汐入,追浜,7
16,京急本線,27001,1,品川,特急,追浜,金沢八景(京急線),3
16,京急本線,27001,1,品川,特急,金沢八景(京急線),金沢文庫,1
16,京急本線,27001,1,品川,特急,金沢文庫,上大岡,9
16,京急本線,27001,1,品川,特急,上大岡,横浜,9
16,京急本線,27001,1,品川,特急,横浜,京急川崎,11
16,京急本線,27001,1,品川,特急,京急川崎,京急蒲田,4
16,京急本線,27001,1,品川,特急,京急蒲田,品川,11
16,京急本線,27001,2,品川,普通,浦賀,馬堀海岸,2
16,京急本線,27001,2,品川,普通,馬堀海岸,京急大津,2
16,京急本線,27001,2,品川,普通,京急大津,堀ノ内,2
16,京急本線,27001,2,品川,普通,堀ノ内,県立大学,1
16,京急本線,27001,2,品川,普通,県立大学,横須賀中央,1
16,京急本線,27001,2,品川,普通,横須賀中央,汐入,1
16,京急本線,27001,2,品川,普通,汐入,逸見,2
16,京急本線,27001,2,品川,普通,逸見,安針塚,2
16,京急本線,27001,2,品川,普通,安針塚,京急田浦,3
16,京急本線,27001,2,品川,普通,京急田浦,追浜,2
16,京急本線,27001,2,品川,普通,追浜,金沢八景(京急線),2
16,京急本線,27001,2,品川,普通,金沢八景(京急線),金沢文庫,2
16,京急本線,27001,2,品川,普通,金沢文庫,能見台,2
16,京急本線,27001,2,品川,普通,能見台,京急富岡,1
16,京急本線,27001,2,品川,普通,京急富岡,杉田(神奈川県),2
16,京急本線,27001,2,品川,普通,杉田(神奈川県),屏風浦,1
16,京急本線,27001,2,品川,普通,屏風浦,上大岡,2
16,京急本線,27001,2,品川,普通,上大岡,弘明寺(京急線),2
16,京急本線,27001,2,品川,普通,弘明寺(京急線),井土ケ谷,2
16,京急本線,27001,2,品川,普通,井土ケ谷,南太田,1
16,京急本線,27001,2,品川,普通,南太田,黄金町,1
16,京急本線,27001,2,品川,普通,黄金町,日ノ出町,1
16,京急本線,27001,2,品川,普通,日ノ出町,戸部,2
16,京急本線,27001,2,品川,普通,戸部,横浜,2
16,京急本線,27001,2,品川,普通,横浜,神奈川,1
16,京急本線,27001,2,品川,普通,神奈川,京急東神奈川,1
16,京急本線,27001,2,品川,普通,京急東神奈川,神奈川新町,1
16,京急本線,27001,2,品川,普通,神奈川新町,子安,2
16,京急本線,27001,2,品川,普通,子安,京急新子安,1
16,京急本線,27001,2,品川,普通,京急新子安,生麦,1
16,京急本線,27001,2,品川,普通,生麦,花月総持寺,1
16,京急本線,27001,2,品川,普通,花月総持寺,京急鶴見,1
16,京急本線,27001,2,品川,普通,京急鶴見,鶴見市場,2
16,京急本線,27001,2,品川,普通,鶴見市場,八丁畷,1
16,京急本線,27001,2,品川,普通,八丁畷,京急川崎,2
16,京急本線,27001,2,品川,普通,京急川崎,六郷土手,2
16,京急本線,27001,2,品川,普通,六郷土手,雑色,1
16,京急本線,27001,2,品川,普通,雑色,京急蒲田,1
16,京急本線,27001,2,品川,普通,京急蒲田,梅屋敷(東京都),1
16,京急本線,27001,2,品川,普通,梅屋敷(東京都),大森町,1
16,京急本線,27001,2,品川,普通,大森町,平和島,1
16,京急本線,27001,2,品川,普通,平和島,大森海岸,1
16,京急本線,27001,2,品川,普通,大森海岸,立会川,2
16,京急本線,27001,2,品川,普通,立会川,鮫洲,1
16,京急本線,27001,2,品川,普通,鮫洲,青物横丁,1
16,京急本線,27001,2,品川,普通,青物横丁,新馬場,1
16,京急本線,27001,2,品川,普通,新馬場,北品川,1
16,京急本線,27001,2,品川,普通,北品川,品川,1
16,京急本線,27001,3,京成高砂,特急,浦賀,馬堀海岸,2
16,京急本線,27001,3,京成高砂,特急,馬堀海岸,京急大津,1
16,京急本線,27001,3,京成高砂,特急,京急大津,堀ノ内,1
16,京急本線,27001,3,京成高砂,特急,堀ノ内,横須賀中央,3
16,京急本線,27001,3,京成高砂,特急,横須賀中央,汐入,1
16,京急本線,27001,3,京成高砂,特急,汐入,追浜,6
16,京急本線,27001,3,京成高砂,特急,追浜,金沢八景(京急線),1
16,京急本線,27001,3,京成高砂,特急,金沢八景(京急線),金沢文庫,2
16,京急本線,27001,3,京成高砂,特急,金沢文庫,上大岡,7
16,京急本線,27001,3,京成高砂,特急,上大岡,横浜,9
16,京急本線,27001,3,京成高砂,特急,横浜,神奈川新町,2
16,京急本線,27001,3,京成高砂,特急,神奈川新町,京急川崎,6
16,京急本線,27001,3,京成高砂,特急,京急川崎,京急蒲田,3
16,京急本線,27001,3,京成高砂,特急,京急蒲田,平和島,2
16,京急本線,27001,3,京成高砂,特急,平和島,青物横丁,3
16,京急本線,27001,3,京成高砂,特急,青物横丁,品川,4
16,京急本線,27001,3,京成高砂,特急,品川,泉岳寺,2
16,京急本線,27001,3,京成高砂,特急,泉岳寺,三田(東京都),1
16,京急本線,27001,3,京成高砂,特急,三田(東京都),大門(東京都),2
16,京急本線,27001,3,京成高砂,特急,大門(東京都),新橋,2
16,京急本線,27001,3,京成高砂,特急,新橋,東銀座,2
16,京急本線,27001,3,京成高砂,特急,東銀座,宝町(東京都),1
16,京急本線,27001,3,京成高砂,特急,宝町(東京都),日本橋(東京都),1
16,京急本線,27001,3,京成高砂,特急,日本橋(東京都),人形町,2
16,京急本線,27001,3,京成高砂,特急,人形町,東日本橋,2
16,京急本線,27001,3,京成高砂,特急,東日本橋,浅草橋,1
16,京急本線,27001,3,京成高砂,特急,浅草橋,蔵前,2
16,京急本線,27001,3,京成高砂,特急,蔵前,浅草,1
16,京急本線,27001,3,京成高砂,特急,浅草,本所吾妻橋,1
16,京急本線,27001,3,京成高砂,特急,本所吾妻橋,押上,2
16,京急本線,27001,3,京成高砂,特急,押上,京成曳舟,2
16,京急本線,27001,3,京成高砂,特急,京成曳舟,八広,1
16,京急本線,27001,3,京成高砂,特急,八広,四ツ木,2
16,京急本線,27001,3,京成高砂,特急,四ツ木,京成立石,1
16,京急本線,27001,3,京成高砂,特急,京成立石,青砥,2
16,京急本線,27001,3,京成高砂,特急,青砥,京成高砂,2
16,京急本線,27001,4,金沢文庫,普通,浦賀,馬堀海岸,1
16,京急本線,27001,4,金沢文庫,普通,馬堀海岸,京急大津,1
16,京急本線,27001,4,金沢文庫,普通,京急大津,堀ノ内,2
16,京急本線,27001,4,金沢文庫,普通,堀ノ内,県立大学,2
16,京急本線,27001,4,金沢文庫,普通,県立大学,横須賀中央,1
16,京急本線,27001,4,金沢文庫,普通,横須賀中央,汐入,1
16,京急本線,27001,4,金沢文庫,普通,汐入,逸見,2
16,京急本線,27001,4,金沢文庫,普通,逸見,安針塚,2
16,京急本線,27001,4,金沢文庫,普通,安針塚,京急田浦,2
16,京急本線,27001,4,金沢文庫,普通,京急田浦,追浜,1
16,京急本線,27001,4,金沢文庫,普通,追浜,金沢八景(京急線),2
16,京急本線,27001,4,金沢文庫,普通,金沢八景(京急線),金沢文庫,2
16,京急本線,27001,5,神奈川新町,普通,浦賀,馬堀海岸,1
16,京急本線,27001,5,神奈川新町,普通,馬堀海岸,京急大津,1
16,京急本線,27001,5,神奈川新町,普通,京急大津,堀ノ内,2
16,京急本線,27001,5,神奈川新町,普通,堀ノ内,県立大学,2
16,京急本線,27001,5,神奈川新町,普通,県立大学,横須賀中央,1
16,京急本線,27001,5,神奈川新町,普通,横須賀中央,汐入,1
16,京急本線,27001,5,神奈川新町,普通,汐入,逸見,2
16,京急本線,27001,5,神奈川新町,普通,逸見,安針塚,1
16,京急本線,27001,5,神奈川新町,普通,安針塚,京急田浦,2
16,京急本線,27001,5,神奈川新町,普通,京急田浦,追浜,2
16,京急本線,27001,5,神奈川新町,普通,追浜,金沢八景(京急線),2
16,京急本線,27001,5,神奈川新町,普通,金沢八景(京急線),金沢文庫,2
16,京急本線,27001,5,神奈川新町,普通,金沢文庫,能見台,2
16,京急本線,27001,5,神奈川新町,普通,能見台,京急富岡,1
16,京急本線,27001,5,神奈川新町,普通,京急富岡,杉田(神奈川県),2
16,京急本線,27001,5,神奈川新町,普通,杉田(神奈川県),屏風浦,1
16,京急本線,27001,5,神奈川新町,普通,屏風浦,上大岡,3
16,京急本線,27001,5,神奈川新町,普通,上大岡,弘明寺(京急線),2
16,京急本線,27001,5,神奈川新町,普通,弘明寺(京急線),井土ケ谷,2
16,京急本線,27001,5,神奈川新町,普通,井土ケ谷,南太田,2
16,京急本線,27001,5,神奈川新町,普通,南太田,黄金町,1
16,京急本線,27001,5,神奈川新町,普通,黄金町,日ノ出町,1
16,京急本線,27001,5,神奈川新町,普通,日ノ出町,戸部,2
16,京急本線,27001,5,神奈川新町,普通,戸部,横浜,2
16,京急本線,27001,5,神奈川新町,普通,横浜,神奈川,1
16,京急本線,27001,5,神奈川新町,普通,神奈川,京急東神奈川,2
16,京急本線,27001,5,神奈川新町,普通,京急東神奈川,神奈川新町,1
17,都営大江戸線,99301,1,光が丘,普通,清澄白河,門前仲町,2
17,都営大江戸線,99301,1,光が丘,普通,門前仲町,月島,1
17,都営大江戸線,99301,1,光が丘,普通,月島,勝どき,1
17,都営大江戸線,99301,1,光が丘,普通,勝どき,築地市場,2
17,都営大江戸線,99301,1,光が丘,普通,築地市場,汐留,2
17,都営大江戸線,99301,1,光が丘,普通,汐留,大門(東京都),2
17,都営大江戸線,99301,1,光が丘,普通,大門(東京都),赤羽橋,2
17,都営大江戸線,99301,1,光が丘,普通,赤羽橋,麻布十番,1
17,都営大江戸線,99301,1,光が丘,普通,麻布十番,六本木,1
17,都営大江戸線,99301,1,光が丘,普通,六本木,青山一丁目,2
17,都営大江戸線,99301,1,光が丘,普通,青山一丁目,国立競技場,2
17,都営大江戸線,99301,1,光が丘,普通,国立競技場,代々木,3
17,都営大江戸線,99301,1,光が丘,普通,代々木,新宿,1
17,都営大江戸線,99301,1,光が丘,普通,新宿,都庁前,2
17,都営大江戸線,99301,1,光が丘,普通,都庁前,西新宿五丁目,2
17,都営大江戸線,99301,1,光が丘,普通,西新宿五丁目,中野坂上,2
17,都営大江戸線,99301,1,光が丘,普通,中野坂上,東中野,1
17,都営大江戸線,99301,1,光が丘,普通,東中野,中井,1
17,都営大江戸線,99301,1,光が丘,普通,中井,落合南長崎,2
17,都営大江戸線,99301,1,光が丘,普通,落合南長崎,新江古田,2
17,都営大江戸線,99301,1,光が丘,普通,新江古田,練馬,2
17,都営大江戸線,99301,1,光が丘,普通,練馬,豊島園(都営線),1
17,都営大江戸線,99301,1,光が丘,普通,豊島園(都営線),練馬春日町,2
17,都営大江戸線,99301,1,光が丘,普通,練馬春日町,光が丘,2
17,都営大江戸線,99301,2,光が丘,普通,都庁前,新宿西口,1
17,都営大江戸線,99301,2,光が丘,普通,新宿西口,東新宿,2
17,都営大江戸線,99301,2,光が丘,普通,東新宿,若松河田,2
17,都営大江戸線,99301,2,光が丘,普通,若松河田,牛込柳町,1
17,都営大江戸線,99301,2,光が丘,普通,牛込柳町,牛込神楽坂,2
17,都営大江戸線,99301,2,光が丘,普通,牛込神楽坂,飯田橋,2
17,都営大江戸線,99301,2,光が丘,普通,飯田橋,春日(東京都),2
17,都営大江戸線,99301,2,光が丘,普通,春日(東京都),本郷三丁目,2
17,都営大江戸線,99301,2,光が丘,普通,本郷三丁目,上野御徒町,2
17,都営大江戸線,99301,2,光が丘,普通,上野御徒町,新御徒町,1
17,都営大江戸線,99301,2,光が丘,普通,新御徒町,蔵前,2
17,都営大江戸線,99301,2,光が丘,普通,蔵前,両国(都営線),2
17,都営大江戸線,99301,2,光が丘,普通,両国(都営線),森下(東京都),1
17,都営大江戸線,99301,2,光が丘,普通,森下(東京都),清澄白河,1
17,都営大江戸線,99301,2,光が丘,普通,清澄白河,門前仲町,2
17,都営大江戸線,99301,2,光が丘,普通,門前仲町,月島,1
17,都営大江戸線,99301,2,光が丘,普通,月島,勝どき,1
17,都営大江戸線,99301,2,光が丘,普通,勝どき,築地市場,2
17,都営大江戸線,99301,2,光が丘,普通,築地市場,汐留,2
17,都営大江戸線,99301,2,光が丘,普通,汐留,大門(東京都),2
17,都営大江戸線,99301,2,光が丘,普通,大門(東京都),赤羽橋,2
17,都営大江戸線,99301,2,光が丘,普通,赤羽橋,麻布十番,1
17,都営大江戸線,99301,2,光が丘,普通,麻布十番,六本木,1
17,都営大江戸線,99301,2,光が丘,普通,六本木,青山一丁目,2
17,都営大江戸線,99301,2,光が丘,普通,青山一丁目,国立競技場,2
17,都営大江戸線,99301,2,光が丘,普通,国立競技場,代々木,3
17,都営大江戸線,99301,2,光が丘,普通,代々木,新宿,1
17,都営大江戸線,99301,2,光が丘,普通,新宿,都庁前,2
17,都営大江戸線,99301,2,光が丘,普通,都庁前,西新宿五丁目,2
17,都営大江戸線,99301,2,光が丘,普通,西新宿五丁目,中野坂上,2
17,都営大江戸線,99301,2,光が丘,普通,中野坂上,東中野,1
17,都営大江戸線,99301,2,光が丘,普通,東中野,中井,1
17,都営大江戸線,99301,2,光が丘,普通,中井,落合南長崎,2
17,都営大江戸線,99301,2,光が丘,普通,落合南長崎,新江古田,2
17,都営大江戸線,99301,2,光が丘,普通,新江古田,練馬,2
17,都営大江戸線,99301,2,光が丘,普通,練馬,豊島園(都営線),1
17,都営大江戸線,99301,2,光が丘,普通,豊島園(都営線),練馬春日町,2
17,都営大江戸線,99301,2,光が丘,普通,練馬春日町,光が丘,2
18,箱根登山鉄道鉄道線,99339,1,箱根湯本,普通,強羅,彫刻の森,2
18,箱根登山鉄道鉄道線,99339,1,箱根湯本,普通,彫刻の森,小涌谷,4
18,箱根登山鉄道鉄道線,99339,1,箱根湯本,普通,小涌谷,宮ノ下,6
18,箱根登山鉄道鉄道線,99339,1,箱根湯本,普通,宮ノ下,大平台,12
18,箱根登山鉄道鉄道線,99339,1,箱根湯本,普通,大平台,塔ノ沢,12
18,箱根登山鉄道鉄道線,99339,1,箱根湯本,普通,塔ノ沢,箱根湯本,3
19,JR成田線,11327,1,千葉,普通,銚子,松岸,4
19,JR成田線,11327,1,千葉,普通,松岸,椎柴,4
19,JR成田線,11327,1,千葉,普通,椎柴,下総豊里,4
19,JR成田線,11327,1,千葉,普通,下総豊里,下総橘,3
19,JR成田線,11327,1,千葉,普通,下総橘,笹川,4
19,JR成田線,11327,1,千葉,普通,笹川,小見川,5
19,JR成田線,11327,1,千葉,普通,小見川,水郷,5
19,JR成田線,11327,1,千葉,普通,水郷,香取,4
19,JR成田線,11327,1,千葉,普通,香取,佐原,4
19,JR成田線,11327,1,千葉,普通,佐原,大戸,4
19,JR成田線,11327,1,千葉,普通,大戸,下総神崎,4
19,JR成田線,11327,1,千葉,普通,下総神崎,滑河,5
19,JR成田線,11327,1,千葉,普通,滑河,久住,6
19,JR成田線,11327,1,千葉,普通,久住,成田,8
19,JR成田線,11327,1,千葉,普通,成田,酒々井,7
19,JR成田線,11327,1,千葉,普通,酒々井,佐倉,7
19,JR成田線,11327,1,千葉,普通,佐倉,物井,3
19,JR成田線,11327,1,千葉,普通,物井,四街道,3
19,JR成田線,11327,1,千葉,普通,四街道,都賀,3
19,JR成田線,11327,1,千葉,普通,都賀,東千葉,3
19,JR成田線,11327,1,千葉,普通,東千葉,千葉,2
19,JR成田線,11327,2,成田,普通,銚子,松岸,4
19,JR成田線,11327,2,成田,普通,松岸,椎柴,5
19,JR成田線,11327,2,成田,普通,椎柴,下総豊里,5
19,JR成田線,11327,2,成田,普通,下総豊里,下総橘,4
19,JR成田線,11327,2,成田,普通,下総橘,笹川,5
19,JR成田線,11327,2,成田,普通,笹川,小見川,5
19,JR成田線,11327,2,成田,普通,小見川,水郷,5
19,JR成田線,11327,2,成田,普通,水郷,香取,4
19,JR成田線,11327,2,成田,普通,香取,佐原,4
19,JR成田線,11327,2,成田,普通,佐原,大戸,4
19,JR成田線,11327,2,成田,普通,大戸,下総神崎,4
19,JR成田線,11327,2,成田,普通,下総神崎,滑河,6
19,JR成田線,11327,2,成田,普通,滑河,久住,6
19,JR成田線,11327,2,成田,普通,久住,成田,8
