line_name,line_code,train_type,station1,station2,estimated_time
JR東海道本線,11301,快速,東京,新橋,3
JR東海道本線,11301,快速,新橋,品川,5
JR東海道本線,11301,快速,品川,川崎,9
JR東海道本線,11301,快速,川崎,横浜,8
JR東海道本線,11301,快速,横浜,戸塚,9
JR東海道本線,11301,快速,戸塚,大船,5
JR東海道本線,11301,快速,大船,藤沢,4
JR東海道本線,11301,快速,藤沢,茅ケ崎,5
JR東海道本線,11301,快速,茅ケ崎,平塚,4
JR東海道本線,11301,快速,平塚,国府津,9
JR東海道本線,11301,快速,国府津,小田原,6
JR東海道本線,11301,快速,小田原,早川,2
JR東海道本線,11301,快速,早川,根府川,4
JR東海道本線,11301,快速,根府川,真鶴,4
JR東海道本線,11301,快速,真鶴,湯河原,3
JR東海道本線,11301,快速,湯河原,熱海,6
JR東海道本線,11301,普通,東京,新橋,3
JR東海道本線,11301,普通,新橋,品川,4
JR東海道本線,11301,普通,品川,川崎,8
JR東海道本線,11301,普通,川崎,横浜,8
JR東海道本線,11301,普通,横浜,戸塚,10
JR東海道本線,11301,普通,戸塚,大船,4
JR東海道本線,11301,普通,大船,藤沢,4
JR東海道本線,11301,普通,藤沢,辻堂,3
JR東海道本線,11301,普通,辻堂,茅ケ崎,3
JR東海道本線,11301,普通,茅ケ崎,平塚,4
JR東海道本線,11301,普通,平塚,大磯,3
JR東海道本線,11301,普通,大磯,二宮,4
JR東海道本線,11301,普通,二宮,国府津,3
JR東海道本線,11301,普通,国府津,鴨宮,2
JR東海道本線,11301,普通,鴨宮,小田原,3
JR東海道本線,11301,普通,小田原,早川,2
JR東海道本線,11301,普通,早川,根府川,4
JR東海道本線,11301,普通,根府川,真鶴,4
JR東海道本線,11301,普通,真鶴,湯河原,3
JR東海道本線,11301,普通,湯河原,熱海,6
JR山手線,11302,普通,大崎,五反田,2
JR山手線,11302,普通,五反田,目黒,2
JR山手線,11302,普通,目黒,恵比寿,3
JR山手線,11302,普通,恵比寿,渋谷,3
JR山手線,11302,普通,渋谷,原宿,2
JR山手線,11302,普通,原宿,代々木,2
JR山手線,11302,普通,代々木,新宿,3
JR山手線,11302,普通,新宿,新大久保,2
JR山手線,11302,普通,新大久保,高田馬場,2
JR山手線,11302,普通,高田馬場,目白,2
JR山手線,11302,普通,目白,池袋,3
JR山手線,11302,普通,池袋,大塚(東京都),2
JR山手線,11302,普通,大塚(東京都),巣鴨,2
JR山手線,11302,普通,巣鴨,駒込,2
JR山手線,11302,普通,駒込,田端,3
JR山手線,11302,普通,田端,西日暮里,1
JR山手線,11302,普通,西日暮里,日暮里,2
JR山手線,11302,普通,日暮里,鶯谷,2
JR山手線,11302,普通,鶯谷,上野,3
JR山手線,11302,普通,上野,御徒町,1
JR山手線,11302,普通,御徒町,秋葉原,3
JR山手線,11302,普通,秋葉原,神田(東京都),2
JR山手線,11302,普通,神田(東京都),東京,2
JR山手線,11302,普通,東京,有楽町,2
JR山手線,11302,普通,有楽町,新橋,2
JR山手線,11302,普通,新橋,浜松町,2
JR山手線,11302,普通,浜松町,田町(東京都),3
JR山手線,11302,普通,田町(東京都),高輪ゲートウェイ,2
JR山手線,11302,普通,高輪ゲートウェイ,品川,2
JR南武線,11303,普通,川崎,尻手,3
JR南武線,11303,普通,尻手,矢向,2
JR南武線,11303,普通,矢向,鹿島田,2
JR南武線,11303,普通,鹿島田,平間,2
JR南武線,11303,普通,平間,向河原,3
JR南武線,11303,普通,向河原,武蔵小杉,2
JR南武線,11303,普通,武蔵小杉,武蔵中原,3
JR南武線,11303,普通,武蔵中原,武蔵新城,2
JR南武線,11303,普通,武蔵新城,武蔵溝ノ口,3
JR南武線,11303,普通,武蔵溝ノ口,津田山,2
JR南武線,11303,普通,津田山,久地,2
JR南武線,11303,普通,久地,宿河原,2
JR南武線,11303,普通,宿河原,登戸,3
JR南武線,11303,普通,登戸,中野島,3
JR南武線,11303,普通,中野島,稲田堤,2
JR南武線,11303,普通,稲田堤,矢野口,2
JR南武線,11303,普通,矢野口,稲城長沼,3
JR南武線,11303,普通,稲城長沼,南多摩,2
JR南武線,11303,普通,南多摩,府中本町,4
JR南武線,11303,普通,府中本町,分倍河原,2
JR南武線,11303,普通,分倍河原,西府,2
JR南武線,11303,普通,西府,谷保,2
JR南武線,11303,普通,谷保,矢川,3
JR南武線,11303,普通,矢川,西国立,2
JR南武線,11303,普通,西国立,立川,2
JR南武線,11303,快速,川崎,鹿島田,5
JR南武線,11303,快速,鹿島田,武蔵小杉,4
JR南武線,11303,快速,武蔵小杉,武蔵中原,3
JR南武線,11303,快速,武蔵中原,武蔵新城,2
JR南武線,11303,快速,武蔵新城,武蔵溝ノ口,3
JR南武線,11303,快速,武蔵溝ノ口,登戸,6
JR南武線,11303,快速,登戸,稲田堤,3
JR南武線,11303,快速,稲田堤,稲城長沼,4
JR南武線,11303,快速,稲城長沼,府中本町,4
JR南武線,11303,快速,府中本町,分倍河原,2
JR南武線,11303,快速,分倍河原,立川,6
JR南武線,11303,普通,川崎,尻手,3
JR南武線,11303,普通,尻手,矢向,2
JR南武線,11303,普通,矢向,鹿島田,2
JR南武線,11303,普通,鹿島田,平間,2
JR南武線,11303,普通,平間,向河原,3
JR南武線,11303,普通,向河原,武蔵小杉,2
JR南武線,11303,普通,武蔵小杉,武蔵中原,3
JR南武線,11303,普通,武蔵中原,武蔵新城,2
JR南武線,11303,普通,武蔵新城,武蔵溝ノ口,3
JR南武線,11303,普通,武蔵溝ノ口,津田山,2
JR南武線,11303,普通,津田山,久地,2
JR南武線,11303,普通,久地,宿河原,2
JR南武線,11303,普通,宿河原,登戸,3
JR南武線,11303,普通,登戸,中野島,3
JR南武線,11303,普通,中野島,稲田堤,2
JR南武線,11303,普通,稲田堤,矢野口,2
JR南武線,11303,普通,矢野口,稲城長沼,3
JR南武線,11303,普通,稲城長沼,南多摩,2
JR南武線,11303,普通,南多摩,府中本町,4
JR南武線,11303,普通,府中本町,分倍河原,2
JR南武線,11303,普通,分倍河原,西府,2
JR南武線,11303,普通,西府,谷保,2
JR南武線,11303,普通,谷保,矢川,3
JR南武線,11303,普通,矢川,西国立,2
JR南武線,11303,普通,西国立,立川,2
JR南武線,11303,快速,川崎,鹿島田,5
JR南武線,11303,快速,鹿島田,武蔵小杉,4
JR南武線,11303,快速,武蔵小杉,武蔵中原,3
JR南武線,11303,快速,武蔵中原,武蔵新城,2
JR南武線,11303,快速,武蔵新城,武蔵溝ノ口,3
JR南武線,11303,快速,武蔵溝ノ口,登戸,6
JR南武線,11303,快速,登戸,稲田堤,3
JR南武線,11303,快速,稲田堤,稲城長沼,4
JR南武線,11303,快速,稲城長沼,府中本町,4
JR南武線,11303,快速,府中本町,分倍河原,2
JR南武線,11303,快速,分倍河原,立川,6
JR武蔵野線,11305,普通,府中本町,北府中,2
JR武蔵野線,11305,普通,北府中,西国分寺,3
JR武蔵野線,11305,普通,西国分寺,新小平,3
JR武蔵野線,11305,普通,新小平,新秋津,5
JR武蔵野線,11305,普通,新秋津,東所沢,4
JR武蔵野線,11305,普通,東所沢,新座,3
JR武蔵野線,11305,普通,新座,北朝霞,4
JR武蔵野線,11305,普通,北朝霞,西浦和,4
JR武蔵野線,11305,普通,西浦和,武蔵浦和,3
JR武蔵野線,11305,普通,武蔵浦和,南浦和,3
JR武蔵野線,11305,普通,南浦和,東浦和,3
JR武蔵野線,11305,普通,東浦和,東川口,4
JR武蔵野線,11305,普通,東川口,南越谷,4
JR武蔵野線,11305,普通,南越谷,越谷レイクタウン,3
JR武蔵野線,11305,普通,越谷レイクタウン,吉川,2
JR武蔵野線,11305,普通,吉川,吉川美南,3
JR武蔵野線,11305,普通,吉川美南,新三郷,2
JR武蔵野線,11305,普通,新三郷,三郷(埼玉県),2
JR武蔵野線,11305,普通,三郷(埼玉県),南流山,3
JR武蔵野線,11305,普通,南流山,新松戸,2
JR武蔵野線,11305,普通,新松戸,新八柱,4
JR武蔵野線,11305,普通,新八柱,東松戸,3
JR武蔵野線,11305,普通,東松戸,市川大野,2
JR武蔵野線,11305,普通,市川大野,船橋法典,3
JR武蔵野線,11305,普通,船橋法典,西船橋,3
JR横浜線,11306,普通,東神奈川,大口,3
JR横浜線,11306,普通,大口,菊名,3
JR横浜線,11306,普通,菊名,新横浜,3
JR横浜線,11306,普通,新横浜,小机,2
JR横浜線,11306,普通,小机,鴨居,3
JR横浜線,11306,普通,鴨居,中山(神奈川県),4
JR横浜線,11306,普通,中山(神奈川県),十日市場(神奈川県),2
JR横浜線,11306,普通,十日市場(神奈川県),長津田,3
JR横浜線,11306,普通,長津田,成瀬,3
JR横浜線,11306,普通,成瀬,町田,4
JR横浜線,11306,普通,町田,古淵,4
JR横浜線,11306,普通,古淵,淵野辺,3
JR横浜線,11306,普通,淵野辺,矢部,2
JR横浜線,11306,普通,矢部,相模原,2
JR横浜線,11306,普通,相模原,橋本(神奈川県),4
JR横浜線,11306,普通,橋本(神奈川県),相原,3
JR横浜線,11306,普通,相原,八王子みなみ野,3
JR横浜線,11306,普通,八王子みなみ野,片倉,3
JR横浜線,11306,普通,片倉,八王子,3
JR横浜線,11306,快速,東神奈川,菊名,5
JR横浜線,11306,快速,菊名,新横浜,2
JR横浜線,11306,快速,新横浜,鴨居,5
JR横浜線,11306,快速,鴨居,中山(神奈川県),3
JR横浜線,11306,快速,中山(神奈川県),長津田,4
JR横浜線,11306,快速,長津田,町田,5
JR横浜線,11306,快速,町田,相模原,7
JR横浜線,11306,快速,相模原,橋本(神奈川県),4
JR横浜線,11306,快速,橋本(神奈川県),相原,3
JR横浜線,11306,快速,相原,八王子みなみ野,3
JR横浜線,11306,快速,八王子みなみ野,片倉,2
JR横浜線,11306,快速,片倉,八王子,3
JR根岸線,11307,普通,横浜,桜木町,3
JR根岸線,11307,普通,桜木町,関内,2
JR根岸線,11307,普通,関内,石川町,2
JR根岸線,11307,普通,石川町,山手,2
JR根岸線,11307,普通,山手,根岸(神奈川県),3
JR根岸線,11307,普通,根岸(神奈川県),磯子,3
JR根岸線,11307,普通,磯子,新杉田,2
JR根岸線,11307,普通,新杉田,洋光台,4
JR根岸線,11307,普通,洋光台,港南台,2
JR根岸線,11307,普通,港南台,本郷台,3
JR根岸線,11307,普通,本郷台,大船,4
JR横須賀線,11308,普通,東京,新橋,3
JR横須賀線,11308,普通,新橋,品川,5
JR横須賀線,11308,普通,品川,西大井,5
JR横須賀線,11308,普通,西大井,武蔵小杉,5
JR横須賀線,11308,普通,武蔵小杉,新川崎,3
JR横須賀線,11308,普通,新川崎,横浜,8
JR横須賀線,11308,普通,横浜,保土ケ谷,3
JR横須賀線,11308,普通,保土ケ谷,東戸塚,5
JR横須賀線,11308,普通,東戸塚,戸塚,3
JR横須賀線,11308,普通,戸塚,大船,5
JR横須賀線,11308,普通,大船,北鎌倉,3
JR横須賀線,11308,普通,北鎌倉,鎌倉,3
JR横須賀線,11308,普通,鎌倉,逗子,6
JR横須賀線,11308,普通,逗子,東逗子,2
JR横須賀線,11308,普通,東逗子,田浦,4
JR横須賀線,11308,普通,田浦,横須賀,4
JR横須賀線,11308,普通,横須賀,衣笠,5
JR横須賀線,11308,普通,衣笠,久里浜,5
JR相模線,11309,普通,茅ケ崎,北茅ケ崎,3
JR相模線,11309,普通,北茅ケ崎,香川,3
JR相模線,11309,普通,香川,寒川,3
JR相模線,11309,普通,寒川,宮山,3
JR相模線,11309,普通,宮山,倉見,3
JR相模線,11309,普通,倉見,門沢橋,3
JR相模線,11309,普通,門沢橋,社家,3
JR相模線,11309,普通,社家,厚木,4
JR相模線,11309,普通,厚木,海老名(相模線),3
JR相模線,11309,普通,海老名(相模線),入谷(神奈川県),3
JR相模線,11309,普通,入谷(神奈川県),相武台下,3
JR相模線,11309,普通,相武台下,下溝,4
JR相模線,11309,普通,下溝,原当麻,3
JR相模線,11309,普通,原当麻,番田(神奈川県),3
JR相模線,11309,普通,番田(神奈川県),上溝,3
JR相模線,11309,普通,上溝,南橋本,4
JR相模線,11309,普通,南橋本,橋本(神奈川県),3
JR中央本線,11311,普通,東京,神田(東京都),2
JR中央本線,11311,普通,神田(東京都),御茶ノ水,2
JR中央本線,11311,普通,御茶ノ水,四ツ谷,5
JR中央本線,11311,普通,四ツ谷,新宿,6
JR中央本線,11311,普通,新宿,中野(東京都),4
JR中央本線,11311,普通,中野(東京都),高円寺,2
JR中央本線,11311,普通,高円寺,阿佐ケ谷,2
JR中央本線,11311,普通,阿佐ケ谷,荻窪,2
JR中央本線,11311,普通,荻窪,西荻窪,2
JR中央本線,11311,普通,西荻窪,吉祥寺,2
JR中央本線,11311,普通,吉祥寺,三鷹,3
JR中央本線,11311,普通,三鷹,武蔵境,3
JR中央本線,11311,普通,武蔵境,東小金井,2
JR中央本線,11311,普通,東小金井,武蔵小金井,2
JR中央本線,11311,普通,武蔵小金井,国分寺,3
JR中央本線,11311,普通,国分寺,西国分寺,2
JR中央本線,11311,普通,西国分寺,国立,2
JR中央本線,11311,普通,国立,立川,4
JR中央本線,11311,普通,立川,日野(東京都),3
JR中央本線,11311,普通,日野(東京都),豊田,3
JR中央本線,11311,普通,豊田,八王子,4
JR中央本線,11311,普通,八王子,西八王子,3
JR中央本線,11311,普通,西八王子,高尾(東京都),4
JR中央本線,11311,中央特快,東京,神田(東京都),2
JR中央本線,11311,中央特快,神田(東京都),御茶ノ水,2
JR中央本線,11311,中央特快,御茶ノ水,四ツ谷,5
JR中央本線,11311,中央特快,四ツ谷,新宿,6
JR中央本線,11311,中央特快,新宿,中野(東京都),4
JR中央本線,11311,中央特快,中野(東京都),三鷹,11
JR中央本線,11311,中央特快,三鷹,国分寺,8
JR中央本線,11311,中央特快,国分寺,立川,5
JR中央本線,11311,中央特快,立川,日野(東京都),3
JR中央本線,11311,中央特快,日野(東京都),豊田,4
JR中央本線,11311,中央特快,豊田,八王子,5
JR中央本線,11311,中央特快,八王子,西八王子,3
JR中央本線,11311,中央特快,西八王子,高尾(東京都),4
JR中央線,11312,普通,東京,神田(東京都),2
JR中央線,11312,普通,神田(東京都),御茶ノ水,2
JR中央線,11312,普通,御茶ノ水,四ツ谷,5
JR中央線,11312,普通,四ツ谷,新宿,6
JR中央線,11312,普通,新宿,中野(東京都),4
JR中央線,11312,普通,中野(東京都),高円寺,2
JR中央線,11312,普通,高円寺,阿佐ケ谷,2
JR中央線,11312,普通,阿佐ケ谷,荻窪,2
JR中央線,11312,普通,荻窪,西荻窪,2
JR中央線,11312,普通,西荻窪,吉祥寺,2
JR中央線,11312,普通,吉祥寺,三鷹,3
JR中央線,11312,普通,三鷹,武蔵境,3
JR中央線,11312,普通,武蔵境,東小金井,2
JR中央線,11312,普通,東小金井,武蔵小金井,2
JR中央線,11312,普通,武蔵小金井,国分寺,3
JR中央線,11312,普通,国分寺,西国分寺,2
JR中央線,11312,普通,西国分寺,国立,2
JR中央線,11312,普通,国立,立川,4
JR中央線,11312,普通,立川,日野(東京都),3
JR中央線,11312,普通,日野(東京都),豊田,3
JR中央線,11312,普通,豊田,八王子,4
JR中央線,11312,普通,八王子,西八王子,3
JR中央線,11312,普通,西八王子,高尾(東京都),4
JR中央線,11312,中央特快,東京,神田(東京都),2
JR中央線,11312,中央特快,神田(東京都),御茶ノ水,2
JR中央線,11312,中央特快,御茶ノ水,四ツ谷,5
JR中央線,11312,中央特快,四ツ谷,新宿,6
JR中央線,11312,中央特快,新宿,中野(東京都),4
JR中央線,11312,中央特快,中野(東京都),三鷹,11
JR中央線,11312,中央特快,三鷹,国分寺,8
JR中央線,11312,中央特快,国分寺,立川,5
JR中央線,11312,中央特快,立川,日野(東京都),3
JR中央線,11312,中央特快,日野(東京都),豊田,4
JR中央線,11312,中央特快,豊田,八王子,5
JR中央線,11312,中央特快,八王子,西八王子,3
JR中央線,11312,中央特快,西八王子,高尾(東京都),4
JR中央・総武線,11313,普通,千葉,西千葉,2
JR中央・総武線,11313,普通,西千葉,稲毛,3
JR中央・総武線,11313,普通,稲毛,新検見川,3
JR中央・総武線,11313,普通,新検見川,幕張,2
JR中央・総武線,11313,普通,幕張,幕張本郷,3
JR中央・総武線,11313,普通,幕張本郷,津田沼,4
JR中央・総武線,11313,普通,津田沼,東船橋,3
JR中央・総武線,11313,普通,東船橋,船橋,2
JR中央・総武線,11313,普通,船橋,西船橋,3
JR中央・総武線,11313,普通,西船橋,下総中山,2
JR中央・総武線,11313,普通,下総中山,本八幡(総武線),3
JR中央・総武線,11313,普通,本八幡(総武線),市川,3
JR中央・総武線,11313,普通,市川,小岩,3
JR中央・総武線,11313,普通,小岩,新小岩,3
JR中央・総武線,11313,普通,新小岩,平井(東京都),3
JR中央・総武線,11313,普通,平井(東京都),亀戸,3
JR中央・総武線,11313,普通,亀戸,錦糸町,2
JR中央・総武線,11313,普通,錦糸町,両国,3
JR中央・総武線,11313,普通,両国,浅草橋,2
JR中央・総武線,11313,普通,浅草橋,秋葉原,2
JR中央・総武線,11313,普通,秋葉原,御茶ノ水,2
JR中央・総武線,11313,普通,御茶ノ水,水道橋,2
JR中央・総武線,11313,普通,水道橋,飯田橋,2
JR中央・総武線,11313,普通,飯田橋,市ケ谷,2
JR中央・総武線,11313,普通,市ケ谷,四ツ谷,2
JR中央・総武線,11313,普通,四ツ谷,信濃町,2
JR中央・総武線,11313,普通,信濃町,千駄ケ谷,2
JR中央・総武線,11313,普通,千駄ケ谷,代々木,2
JR中央・総武線,11313,普通,代々木,新宿,2
JR中央・総武線,11313,普通,新宿,大久保(東京都),2
JR中央・総武線,11313,普通,大久保(東京都),東中野,2
JR中央・総武線,11313,普通,東中野,中野(東京都),3
JR中央・総武線,11313,普通,中野(東京都),高円寺,2
JR中央・総武線,11313,普通,高円寺,阿佐ケ谷,2
JR中央・総武線,11313,普通,阿佐ケ谷,荻窪,2
JR中央・総武線,11313,普通,荻窪,西荻窪,2
JR中央・総武線,11313,普通,西荻窪,吉祥寺,3
JR中央・総武線,11313,普通,吉祥寺,三鷹,2
JR総武本線,11314,特急,東京,錦糸町,7
JR総武本線,11314,特急,錦糸町,千葉,21
JR総武本線,11314,特急,千葉,佐倉,10
JR総武本線,11314,特急,佐倉,八街,13
JR総武本線,11314,特急,八街,成東,11
JR総武本線,11314,特急,成東,横芝,9
JR総武本線,11314,特急,横芝,八日市場,6
JR総武本線,11314,特急,八日市場,旭(千葉県),8
JR総武本線,11314,特急,旭(千葉県),飯岡,3
JR総武本線,11314,特急,飯岡,銚子,13
JR青梅線,11315,普通,立川,西立川,3
JR青梅線,11315,普通,西立川,東中神,2
JR青梅線,11315,普通,東中神,中神,2
JR青梅線,11315,普通,中神,昭島,2
JR青梅線,11315,普通,昭島,拝島,3
JR青梅線,11315,普通,拝島,牛浜,2
JR青梅線,11315,普通,牛浜,福生,2
JR青梅線,11315,普通,福生,羽村,3
JR青梅線,11315,普通,羽村,小作,3
JR青梅線,11315,普通,小作,河辺,3
JR青梅線,11315,普通,河辺,東青梅,2
JR青梅線,11315,普通,東青梅,青梅,3
JR五日市線,11316,普通,拝島,熊川,2
JR五日市線,11316,普通,熊川,東秋留,3
JR五日市線,11316,普通,東秋留,秋川,3
JR五日市線,11316,普通,秋川,武蔵引田,2
JR五日市線,11316,普通,武蔵引田,武蔵増戸,3
JR五日市線,11316,普通,武蔵増戸,武蔵五日市,4
JR八高線,11317,普通,八王子,北八王子,4
JR八高線,11317,普通,北八王子,小宮,3
JR八高線,11317,普通,小宮,拝島,6
JR八高線,11317,普通,拝島,東福生,4
JR八高線,11317,普通,東福生,箱根ケ崎,4
JR八高線,11317,普通,箱根ケ崎,金子,5
JR八高線,11317,普通,金子,東飯能,5
JR八高線,11317,普通,東飯能,高麗川,6
JR八高線,11318,普通,高麗川,毛呂,6
JR八高線,11318,普通,毛呂,越生,3
JR八高線,11318,普通,越生,明覚,6
JR八高線,11318,普通,明覚,小川町(埼玉県),8
JR八高線,11318,普通,小川町(埼玉県),竹沢,4
JR八高線,11318,普通,竹沢,折原,5
JR八高線,11318,普通,折原,寄居,5
JR八高線,11318,普通,寄居,用土,5
JR八高線,11318,普通,用土,松久,3
JR八高線,11318,普通,松久,児玉,5
JR八高線,11318,普通,児玉,丹荘,4
JR八高線,11318,普通,丹荘,群馬藤岡,5
JR八高線,11318,普通,群馬藤岡,北藤岡,4
JR八高線,11318,普通,北藤岡,倉賀野,4
JR八高線,11318,普通,倉賀野,高崎,6
宇都宮線,11319,普通,上野,尾久,6
宇都宮線,11319,普通,尾久,赤羽,4
宇都宮線,11319,普通,赤羽,浦和,8
宇都宮線,11319,普通,浦和,さいたま新都心,4
宇都宮線,11319,普通,さいたま新都心,大宮(埼玉県),2
宇都宮線,11319,普通,大宮(埼玉県),土呂,4
宇都宮線,11319,普通,土呂,東大宮,3
宇都宮線,11319,普通,東大宮,蓮田,4
宇都宮線,11319,普通,蓮田,白岡,3
宇都宮線,11319,普通,白岡,新白岡,2
宇都宮線,11319,普通,新白岡,久喜,3
宇都宮線,11319,普通,久喜,東鷲宮,3
宇都宮線,11319,普通,東鷲宮,栗橋,5
宇都宮線,11319,普通,栗橋,古河,6
宇都宮線,11319,普通,古河,野木,3
宇都宮線,11319,普通,野木,間々田,3
宇都宮線,11319,普通,間々田,小山,5
宇都宮線,11319,普通,小山,小金井,5
宇都宮線,11319,普通,小金井,自治医大,3
宇都宮線,11319,普通,自治医大,石橋(栃木県),4
宇都宮線,11319,普通,石橋(栃木県),雀宮,6
宇都宮線,11319,普通,雀宮,宇都宮,7
JR常磐線,11320,快速,上野,日暮里,3
JR常磐線,11320,快速,日暮里,三河島,3
JR常磐線,11320,快速,三河島,南千住,3
JR常磐線,11320,快速,南千住,北千住,2
JR常磐線,11320,快速,北千住,松戸,9
JR常磐線,11320,快速,松戸,柏,8
JR常磐線,11320,快速,柏,我孫子,5
JR常磐線,11320,快速,我孫子,天王台,3
JR常磐線,11320,快速,天王台,取手,4
JR埼京線,11321,普通,大崎,恵比寿,3
JR埼京線,11321,普通,恵比寿,渋谷,2
JR埼京線,11321,普通,渋谷,新宿,5
JR埼京線,11321,普通,新宿,池袋,6
JR埼京線,11321,普通,池袋,板橋,3
JR埼京線,11321,普通,板橋,十条(東京都),2
JR埼京線,11321,普通,十条(東京都),赤羽,3
JR埼京線,11321,普通,赤羽,北赤羽,2
JR埼京線,11321,普通,北赤羽,浮間舟渡,2
JR埼京線,11321,普通,浮間舟渡,戸田公園,3
JR埼京線,11321,普通,戸田公園,戸田(埼玉県),2
JR埼京線,11321,普通,戸田(埼玉県),北戸田,2
JR埼京線,11321,普通,北戸田,武蔵浦和,3
JR埼京線,11321,普通,武蔵浦和,中浦和,2
JR埼京線,11321,普通,中浦和,南与野,2
JR埼京線,11321,普通,南与野,与野本町,3
JR埼京線,11321,普通,与野本町,北与野,1
JR埼京線,11321,普通,北与野,大宮(埼玉県),4
JR川越線,11322,通勤快速,大宮(埼玉県),日進(埼玉県),4
JR川越線,11322,通勤快速,日進(埼玉県),西大宮,5
JR川越線,11322,通勤快速,西大宮,指扇,4
JR川越線,11322,通勤快速,指扇,南古谷,6
JR川越線,11322,通勤快速,南古谷,川越,5
JR川越線,11322,快速,大宮(埼玉県),日進(埼玉県),4
JR川越線,11322,快速,日進(埼玉県),西大宮,4
JR川越線,11322,快速,西大宮,指扇,2
JR川越線,11322,快速,指扇,南古谷,6
JR川越線,11322,快速,南古谷,川越,4
JR高崎線,11323,快速,上野,赤羽,9
JR高崎線,11323,快速,赤羽,浦和,8
JR高崎線,11323,快速,浦和,大宮(埼玉県),8
JR高崎線,11323,快速,大宮(埼玉県),上尾,7
JR高崎線,11323,快速,上尾,桶川,3
JR高崎線,11323,快速,桶川,鴻巣,6
JR高崎線,11323,快速,鴻巣,熊谷,10
JR高崎線,11323,快速,熊谷,籠原,5
JR高崎線,11323,快速,籠原,深谷,4
JR高崎線,11323,快速,深谷,岡部,4
JR高崎線,11323,快速,岡部,本庄,5
JR高崎線,11323,快速,本庄,神保原,4
JR高崎線,11323,快速,神保原,新町(群馬県),4
JR高崎線,11323,快速,新町(群馬県),倉賀野,4
JR高崎線,11323,快速,倉賀野,高崎,5
JR高崎線,11323,普通,上野,尾久,5
JR高崎線,11323,普通,尾久,赤羽,4
JR高崎線,11323,普通,赤羽,浦和,8
JR高崎線,11323,普通,浦和,さいたま新都心,4
JR高崎線,11323,普通,さいたま新都心,大宮(埼玉県),3
JR高崎線,11323,普通,大宮(埼玉県),宮原,4
JR高崎線,11323,普通,宮原,上尾,3
JR高崎線,11323,普通,上尾,北上尾,2
JR高崎線,11323,普通,北上尾,桶川,3
JR高崎線,11323,普通,桶川,北本,4
JR高崎線,11323,普通,北本,鴻巣,4
JR高崎線,11323,普通,鴻巣,北鴻巣,4
JR高崎線,11323,普通,北鴻巣,吹上(埼玉県),3
JR高崎線,11323,普通,吹上(埼玉県),行田,3
JR高崎線,11323,普通,行田,熊谷,4
JR高崎線,11323,普通,熊谷,籠原,5
JR高崎線,11323,普通,籠原,深谷,4
JR高崎線,11323,普通,深谷,岡部,5
JR高崎線,11323,普通,岡部,本庄,6
JR高崎線,11323,普通,本庄,神保原,4
JR高崎線,11323,普通,神保原,新町(群馬県),4
JR高崎線,11323,普通,新町(群馬県),倉賀野,5
JR高崎線,11323,普通,倉賀野,高崎,5
JR外房線,11324,普通,千葉,本千葉,3
JR外房線,11324,普通,本千葉,蘇我,3
JR外房線,11324,普通,蘇我,鎌取,5
JR外房線,11324,普通,鎌取,誉田,4
JR外房線,11324,普通,誉田,土気,5
JR外房線,11324,普通,土気,大網,4
JR外房線,11324,普通,大網,永田(千葉県),2
JR外房線,11324,普通,永田(千葉県),本納,2
JR外房線,11324,普通,本納,新茂原,3
JR外房線,11324,普通,新茂原,茂原,3
JR外房線,11324,普通,茂原,八積,4
JR外房線,11324,普通,八積,上総一ノ宮,4
JR外房線,11324,普通,上総一ノ宮,東浪見,3
JR外房線,11324,普通,東浪見,太東,4
JR外房線,11324,普通,太東,長者町,3
JR外房線,11324,普通,長者町,三門,2
JR外房線,11324,普通,三門,大原(千葉県),3
JR外房線,11324,普通,大原(千葉県),浪花,4
JR外房線,11324,普通,浪花,御宿,5
JR外房線,11324,普通,御宿,勝浦,6
JR外房線,11324,普通,勝浦,鵜原,4
JR外房線,11324,普通,鵜原,上総興津,4
JR外房線,11324,普通,上総興津,行川アイランド,4
JR外房線,11324,普通,行川アイランド,安房小湊,5
JR外房線,11324,普通,安房小湊,安房天津,4
JR外房線,11324,普通,安房天津,安房鴨川,6
JR内房線,11325,普通,千葉,本千葉,2
JR内房線,11325,普通,本千葉,蘇我,3
JR内房線,11325,普通,蘇我,浜野,3
JR内房線,11325,普通,浜野,八幡宿,2
JR内房線,11325,普通,八幡宿,五井,4
JR内房線,11325,普通,五井,姉ケ崎,5
JR内房線,11325,普通,姉ケ崎,長浦(千葉県),5
JR内房線,11325,普通,長浦(千葉県),袖ケ浦,4
JR内房線,11325,普通,袖ケ浦,巌根,3
JR内房線,11325,普通,巌根,木更津,4
JR内房線,11325,普通,木更津,君津,6
JR内房線,11325,普通,君津,青堀,3
JR内房線,11325,普通,青堀,大貫,4
JR内房線,11325,普通,大貫,佐貫町,4
JR内房線,11325,普通,佐貫町,上総湊,4
JR内房線,11325,普通,上総湊,竹岡,5
JR内房線,11325,普通,竹岡,浜金谷,4
JR内房線,11325,普通,浜金谷,保田(千葉県),4
JR内房線,11325,普通,保田(千葉県),安房勝山,3
JR内房線,11325,普通,安房勝山,岩井,3
JR内房線,11325,普通,岩井,富浦(千葉県),6
JR内房線,11325,普通,富浦(千葉県),那古船形,3
JR内房線,11325,普通,那古船形,館山,4
JR内房線,11325,普通,館山,九重,5
JR内房線,11325,普通,九重,千倉,5
JR内房線,11325,普通,千倉,千歳(千葉県),2
JR内房線,11325,普通,千歳(千葉県),南三原,4
JR内房線,11325,普通,南三原,和田浦,5
JR内房線,11325,普通,和田浦,江見,5
JR内房線,11325,普通,江見,太海,6
JR内房線,11325,普通,太海,安房鴨川,4
JR京葉線,11326,普通,東京,八丁堀(東京都),2
JR京葉線,11326,普通,八丁堀(東京都),越中島,2
JR京葉線,11326,普通,越中島,潮見,3
JR京葉線,11326,普通,潮見,新木場,3
JR京葉線,11326,普通,新木場,葛西臨海公園,3
JR京葉線,11326,普通,葛西臨海公園,舞浜,3
JR京葉線,11326,普通,舞浜,新浦安,3
JR京葉線,11326,普通,新浦安,市川塩浜,3
JR京葉線,11326,普通,市川塩浜,二俣新町,5
JR京葉線,11326,普通,二俣新町,南船橋,3
JR京葉線,11326,普通,南船橋,新習志野,3
JR京葉線,11326,普通,新習志野,海浜幕張,4
JR京葉線,11326,普通,海浜幕張,検見川浜,2
JR京葉線,11326,普通,検見川浜,稲毛海岸,2
JR京葉線,11326,普通,稲毛海岸,千葉みなと,4
JR京葉線,11326,普通,千葉みなと,蘇我,4
JR京葉線,11326,快速,東京,八丁堀(東京都),2
JR京葉線,11326,快速,八丁堀(東京都),新木場,7
JR京葉線,11326,快速,新木場,舞浜,7
JR京葉線,11326,快速,舞浜,新浦安,4
JR京葉線,11326,快速,新浦安,南船橋,9
JR京葉線,11326,快速,南船橋,海浜幕張,6
JR京葉線,11326,快速,海浜幕張,検見川浜,2
JR京葉線,11326,快速,検見川浜,稲毛海岸,2
JR京葉線,11326,快速,稲毛海岸,千葉みなと,4
JR京葉線,11326,快速,千葉みなと,蘇我,4
JR鹿島線,11329,普通,佐原,香取,4
JR鹿島線,11329,普通,香取,十二橋,3
JR鹿島線,11329,普通,十二橋,潮来,3
JR鹿島線,11329,普通,潮来,延方,5
JR鹿島線,11329,普通,延方,鹿島神宮,4
JR久留里線,11330,普通,木更津,祇園(千葉県),4
JR久留里線,11330,普通,祇園(千葉県),上総清川,3
JR久留里線,11330,普通,上総清川,東清川,3
JR久留里線,11330,普通,東清川,横田,6
JR久留里線,11330,普通,横田,東横田,3
JR久留里線,11330,普通,東横田,馬来田,5
JR久留里線,11330,普通,馬来田,下郡,3
JR久留里線,11330,普通,下郡,小櫃,4
JR久留里線,11330,普通,小櫃,俵田,3
JR久留里線,11330,普通,俵田,久留里,5
JR久留里線,11330,普通,久留里,平山,5
JR久留里線,11330,普通,平山,上総松丘,5
JR久留里線,11330,普通,上総松丘,上総亀山,7
JR東金線,11331,普通,大網,福俵,4
JR東金線,11331,普通,福俵,東金,3
JR東金線,11331,普通,東金,求名,4
JR東金線,11331,普通,求名,成東,5
JR京浜東北線,11332,普通,大宮(埼玉県),さいたま新都心,2
JR京浜東北線,11332,普通,さいたま新都心,与野,2
JR京浜東北線,11332,普通,与野,北浦和,3
JR京浜東北線,11332,普通,北浦和,浦和,3
JR京浜東北線,11332,普通,浦和,南浦和,2
JR京浜東北線,11332,普通,南浦和,蕨,4
JR京浜東北線,11332,普通,蕨,西川口,3
JR京浜東北線,11332,普通,西川口,川口,3
JR京浜東北線,11332,普通,川口,赤羽,3
JR京浜東北線,11332,普通,赤羽,東十条,3
JR京浜東北線,11332,普通,東十条,王子,3
JR京浜東北線,11332,普通,王子,上中里,2
JR京浜東北線,11332,普通,上中里,田端,3
JR京浜東北線,11332,普通,田端,西日暮里,2
JR京浜東北線,11332,普通,西日暮里,日暮里,2
JR京浜東北線,11332,普通,日暮里,鶯谷,2
JR京浜東北線,11332,普通,鶯谷,上野,2
JR京浜東北線,11332,普通,上野,御徒町,2
JR京浜東北線,11332,普通,御徒町,秋葉原,2
JR京浜東北線,11332,普通,秋葉原,神田(東京都),2
JR京浜東北線,11332,普通,神田(東京都),東京,3
JR京浜東北線,11332,普通,東京,有楽町,2
JR京浜東北線,11332,普通,有楽町,新橋,2
JR京浜東北線,11332,普通,新橋,浜松町,3
JR京浜東北線,11332,普通,浜松町,田町(東京都),2
JR京浜東北線,11332,普通,田町(東京都),高輪ゲートウェイ,2
JR京浜東北線,11332,普通,高輪ゲートウェイ,品川,2
JR京浜東北線,11332,普通,品川,大井町,4
JR京浜東北線,11332,普通,大井町,大森(東京都),2
JR京浜東北線,11332,普通,大森(東京都),蒲田,4
JR京浜東北線,11332,普通,蒲田,川崎,4
JR京浜東北線,11332,普通,川崎,鶴見,4
JR京浜東北線,11332,普通,鶴見,新子安,4
JR京浜東北線,11332,普通,新子安,東神奈川,3
JR京浜東北線,11332,普通,東神奈川,横浜,3
JR京浜東北線,11332,快速,大宮(埼玉県),さいたま新都心,2
JR京浜東北線,11332,快速,さいたま新都心,与野,2
JR京浜東北線,11332,快速,与野,北浦和,3
JR京浜東北線,11332,快速,北浦和,浦和,2
JR京浜東北線,11332,快速,浦和,南浦和,3
JR京浜東北線,11332,快速,南浦和,蕨,4
JR京浜東北線,11332,快速,蕨,西川口,2
JR京浜東北線,11332,快速,西川口,川口,3
JR京浜東北線,11332,快速,川口,赤羽,3
JR京浜東北線,11332,快速,赤羽,東十条,3
JR京浜東北線,11332,快速,東十条,王子,3
JR京浜東北線,11332,快速,王子,上中里,2
JR京浜東北線,11332,快速,上中里,田端,3
JR京浜東北線,11332,快速,田端,上野,5
JR京浜東北線,11332,快速,上野,秋葉原,3
JR京浜東北線,11332,快速,秋葉原,神田(東京都),2
JR京浜東北線,11332,快速,神田(東京都),東京,3
JR京浜東北線,11332,快速,東京,浜松町,4
JR京浜東北線,11332,快速,浜松町,田町(東京都),2
JR京浜東北線,11332,快速,田町(東京都),高輪ゲートウェイ,2
JR京浜東北線,11332,快速,高輪ゲートウェイ,品川,2
JR京浜東北線,11332,快速,品川,大井町,3
JR京浜東北線,11332,快速,大井町,大森(東京都),3
JR京浜東北線,11332,快速,大森(東京都),蒲田,4
JR京浜東北線,11332,快速,蒲田,川崎,4
JR京浜東北線,11332,快速,川崎,鶴見,4
JR京浜東北線,11332,快速,鶴見,新子安,3
JR京浜東北線,11332,快速,新子安,東神奈川,4
JR京浜東北線,11332,快速,東神奈川,横浜,3
JR湘南新宿ライン,11333,普通,大宮(埼玉県),浦和,6
JR湘南新宿ライン,11333,普通,浦和,赤羽,9
JR湘南新宿ライン,11333,普通,赤羽,池袋,10
JR湘南新宿ライン,11333,普通,池袋,新宿,5
JR湘南新宿ライン,11333,普通,新宿,渋谷,5
JR湘南新宿ライン,11333,普通,渋谷,恵比寿,2
JR湘南新宿ライン,11333,普通,恵比寿,大崎,4
JR湘南新宿ライン,11333,普通,大崎,西大井,3
JR湘南新宿ライン,11333,普通,西大井,武蔵小杉,5
JR湘南新宿ライン,11333,普通,武蔵小杉,新川崎,3
JR湘南新宿ライン,11333,普通,新川崎,横浜,9
JR湘南新宿ライン,11333,普通,横浜,保土ケ谷,3
JR湘南新宿ライン,11333,普通,保土ケ谷,東戸塚,5
JR湘南新宿ライン,11333,普通,東戸塚,戸塚,4
JR湘南新宿ライン,11333,普通,戸塚,大船,6
上野東京ライン,11343,普通,東京,上野,6
JR御殿場線,11505,普通,国府津,下曽我,5
JR御殿場線,11505,普通,下曽我,上大井,3
JR御殿場線,11505,普通,上大井,相模金子,3
JR御殿場線,11505,普通,相模金子,松田,3
JR御殿場線,11505,普通,松田,東山北,3
JR御殿場線,11505,普通,東山北,山北,3
JR御殿場線,11505,普通,山北,谷峨,4
JR御殿場線,11505,普通,谷峨,駿河小山,5
JR御殿場線,11505,普通,駿河小山,足柄(静岡県),5
JR御殿場線,11505,普通,足柄(静岡県),御殿場,7
JR御殿場線,11505,普通,御殿場,南御殿場,3
JR御殿場線,11505,普通,南御殿場,富士岡,3
JR御殿場線,11505,普通,富士岡,岩波,5
JR御殿場線,11505,普通,岩波,裾野,5
JR御殿場線,11505,普通,裾野,長泉なめり,3
JR御殿場線,11505,普通,長泉なめり,下土狩,2
JR御殿場線,11505,普通,下土狩,大岡(静岡県),2
JR御殿場線,11505,普通,大岡(静岡県),沼津,4
東武東上線,21001,普通,池袋,北池袋,2
東武東上線,21001,普通,北池袋,下板橋,1
東武東上線,21001,普通,下板橋,大山(東京都),2
東武東上線,21001,普通,大山(東京都),中板橋,3
東武東上線,21001,普通,中板橋,ときわ台(東京都),1
東武東上線,21001,普通,ときわ台(東京都),上板橋,1
東武東上線,21001,普通,上板橋,東武練馬,1
東武東上線,21001,普通,東武練馬,下赤塚,1
東武東上線,21001,普通,下赤塚,成増,2
東武伊勢崎線,21002,普通,伊勢崎,新伊勢崎,2
東武伊勢崎線,21002,普通,新伊勢崎,剛志,4
東武伊勢崎線,21002,普通,剛志,境町,3
東武伊勢崎線,21002,普通,境町,世良田,3
東武伊勢崎線,21002,普通,世良田,木崎,3
東武伊勢崎線,21002,普通,木崎,細谷(群馬県),4
東武伊勢崎線,21002,普通,細谷(群馬県),太田(群馬県),4
東武伊勢崎線,21002,普通,太田(群馬県),韮川,3
東武伊勢崎線,21002,普通,韮川,野州山辺,3
東武伊勢崎線,21002,普通,野州山辺,足利市,2
東武伊勢崎線,21002,普通,足利市,東武和泉,3
東武伊勢崎線,21002,普通,東武和泉,福居,2
東武伊勢崎線,21002,普通,福居,県,3
東武伊勢崎線,21002,普通,県,多々良,4
東武伊勢崎線,21002,普通,多々良,館林,4
東武日光線,21003,区間急行,東武動物公園,杉戸高野台,4
東武日光線,21003,区間急行,杉戸高野台,幸手,3
東武日光線,21003,区間急行,幸手,南栗橋,4
東武日光線,21003,準急,東武動物公園,杉戸高野台,3
東武日光線,21003,準急,杉戸高野台,幸手,3
東武日光線,21003,準急,幸手,南栗橋,4
東武日光線,21003,普通,東武動物公園,杉戸高野台,3
東武日光線,21003,普通,杉戸高野台,幸手,3
東武日光線,21003,普通,幸手,南栗橋,4
東武日光線,21003,急行,東武動物公園,杉戸高野台,4
東武日光線,21003,急行,杉戸高野台,幸手,3
東武日光線,21003,急行,幸手,南栗橋,5
東武日光線,21003,区間準急,東武動物公園,杉戸高野台,3
東武日光線,21003,区間準急,杉戸高野台,幸手,2
東武日光線,21003,区間準急,幸手,南栗橋,4
東武野田線,21004,急行,大宮(埼玉県),岩槻,7
東武野田線,21004,急行,岩槻,春日部,6
東武野田線,21004,急行,春日部,藤の牛島,4
東武野田線,21004,急行,藤の牛島,南桜井,3
東武野田線,21004,急行,南桜井,川間,3
東武野田線,21004,急行,川間,七光台,2
東武野田線,21004,急行,七光台,清水公園,3
東武野田線,21004,急行,清水公園,愛宕(千葉県),1
東武野田線,21004,急行,愛宕(千葉県),野田市,2
東武野田線,21004,急行,野田市,梅郷,3
東武野田線,21004,急行,梅郷,運河,3
東武野田線,21004,急行,運河,流山おおたかの森,5
東武野田線,21004,急行,流山おおたかの森,柏,4
東武野田線,21004,急行,柏,高柳,7
東武野田線,21004,急行,高柳,新鎌ケ谷,4
東武野田線,21004,急行,新鎌ケ谷,船橋,9
東武亀戸線,21005,普通,曳舟,小村井,2
東武亀戸線,21005,普通,小村井,東あずま,1
東武亀戸線,21005,普通,東あずま,亀戸水神,1
東武亀戸線,21005,普通,亀戸水神,亀戸,1
東武大師線,21006,普通,西新井,大師前,2
東武越生線,21007,普通,坂戸(埼玉県),一本松(埼玉県),3
東武越生線,21007,普通,一本松(埼玉県),西大家,2
東武越生線,21007,普通,西大家,川角,2
東武越生線,21007,普通,川角,武州長瀬,3
東武越生線,21007,普通,武州長瀬,東毛呂,2
東武越生線,21007,普通,東毛呂,武州唐沢,1
東武越生線,21007,普通,武州唐沢,越生,2
西武池袋線,22001,急行,池袋,石神井公園,11
西武池袋線,22001,急行,石神井公園,ひばりケ丘(東京都),7
西武池袋線,22001,急行,ひばりケ丘(東京都),所沢,9
西武池袋線,22001,急行,所沢,西所沢,3
西武池袋線,22001,急行,西所沢,小手指,2
西武池袋線,22001,急行,小手指,狭山ケ丘,2
西武池袋線,22001,急行,狭山ケ丘,武蔵藤沢,2
西武池袋線,22001,急行,武蔵藤沢,稲荷山公園,2
西武池袋線,22001,急行,稲荷山公園,入間市,1
西武池袋線,22001,急行,入間市,仏子,3
西武池袋線,22001,急行,仏子,元加治,1
西武池袋線,22001,急行,元加治,飯能,3
西武池袋線,22001,準急,池袋,練馬,7
西武池袋線,22001,準急,練馬,石神井公園,4
西武池袋線,22001,準急,石神井公園,大泉学園,2
西武池袋線,22001,準急,大泉学園,保谷,2
西武池袋線,22001,準急,保谷,ひばりケ丘(東京都),3
西武池袋線,22001,準急,ひばりケ丘(東京都),東久留米,2
西武池袋線,22001,準急,東久留米,清瀬,2
西武池袋線,22001,準急,清瀬,秋津,3
西武池袋線,22001,準急,秋津,所沢,3
西武池袋線,22001,準急,所沢,西所沢,3
西武池袋線,22001,準急,西所沢,小手指,2
西武池袋線,22001,準急,小手指,狭山ケ丘,2
西武池袋線,22001,準急,狭山ケ丘,武蔵藤沢,1
西武池袋線,22001,準急,武蔵藤沢,稲荷山公園,2
西武池袋線,22001,準急,稲荷山公園,入間市,1
西武池袋線,22001,準急,入間市,仏子,4
西武池袋線,22001,準急,仏子,元加治,2
西武池袋線,22001,準急,元加治,飯能,3
西武池袋線,22001,普通,池袋,椎名町,2
西武池袋線,22001,普通,椎名町,東長崎,2
西武池袋線,22001,普通,東長崎,江古田,1
西武池袋線,22001,普通,江古田,桜台(東京都),1
西武池袋線,22001,普通,桜台(東京都),練馬,2
西武池袋線,22001,普通,練馬,中村橋,2
西武池袋線,22001,普通,中村橋,富士見台,1
西武池袋線,22001,普通,富士見台,練馬高野台,2
西武池袋線,22001,普通,練馬高野台,石神井公園,1
西武池袋線,22001,普通,石神井公園,大泉学園,2
西武池袋線,22001,普通,大泉学園,保谷,2
西武池袋線,22001,普通,保谷,ひばりケ丘(東京都),2
西武池袋線,22001,普通,ひばりケ丘(東京都),東久留米,2
西武池袋線,22001,普通,東久留米,清瀬,2
西武池袋線,22001,普通,清瀬,秋津,2
西武池袋線,22001,普通,秋津,所沢,3
西武池袋線,22001,普通,所沢,西所沢,3
西武池袋線,22001,普通,西所沢,小手指,2
西武池袋線,22001,普通,小手指,狭山ケ丘,2
西武池袋線,22001,普通,狭山ケ丘,武蔵藤沢,2
西武池袋線,22001,普通,武蔵藤沢,稲荷山公園,3
西武池袋線,22001,普通,稲荷山公園,入間市,1
西武池袋線,22001,普通,入間市,仏子,3
西武池袋線,22001,普通,仏子,元加治,1
西武池袋線,22001,普通,元加治,飯能,3
西武池袋線,22001,特急,池袋,所沢,19
西武池袋線,22001,特急,所沢,入間市,10
西武池袋線,22001,特急,入間市,飯能,7
西武秩父線,22002,普通,西武秩父,横瀬,3
西武秩父線,22002,普通,横瀬,芦ケ久保,5
西武秩父線,22002,普通,芦ケ久保,正丸,5
西武秩父線,22002,普通,正丸,西吾野,4
西武秩父線,22002,普通,西吾野,吾野,5
西武秩父線,22002,普通,吾野,東吾野,5
西武秩父線,22002,普通,東吾野,武蔵横手,4
西武秩父線,22002,普通,武蔵横手,高麗,4
西武秩父線,22002,普通,高麗,東飯能,5
西武秩父線,22002,普通,東飯能,飯能,2
西武有楽町線,22003,普通,小竹向原,新桜台,2
西武有楽町線,22003,普通,新桜台,練馬,2
西武豊島線,22004,普通,練馬,豊島園(西武線),2
西武狭山線,22005,普通,西所沢,下山口,2
西武狭山線,22005,普通,下山口,西武球場前,3
レオライナー,22006,普通,西武遊園地,遊園地西,1
レオライナー,22006,普通,遊園地西,西武球場前,6
西武新宿線,22007,急行,西武新宿,高田馬場,2
西武新宿線,22007,急行,高田馬場,鷺ノ宮,10
西武新宿線,22007,急行,鷺ノ宮,上石神井,5
西武新宿線,22007,急行,上石神井,田無,4
西武新宿線,22007,急行,田無,花小金井,2
西武新宿線,22007,急行,花小金井,小平,2
西武新宿線,22007,急行,小平,久米川,2
西武新宿線,22007,急行,久米川,東村山,2
西武新宿線,22007,急行,東村山,所沢,3
西武新宿線,22007,急行,所沢,航空公園,2
西武新宿線,22007,急行,航空公園,新所沢,2
西武新宿線,22007,急行,新所沢,入曽,4
西武新宿線,22007,急行,入曽,狭山市,3
西武新宿線,22007,急行,狭山市,新狭山,3
西武新宿線,22007,急行,新狭山,南大塚,2
西武新宿線,22007,急行,南大塚,本川越,4
西武新宿線,22007,普通,西武新宿,高田馬場,2
西武新宿線,22007,普通,高田馬場,下落合,2
西武新宿線,22007,普通,下落合,中井,2
西武新宿線,22007,普通,中井,新井薬師前,2
西武新宿線,22007,普通,新井薬師前,沼袋,2
西武新宿線,22007,普通,沼袋,野方,1
西武新宿線,22007,普通,野方,都立家政,1
西武新宿線,22007,普通,都立家政,鷺ノ宮,1
西武新宿線,22007,普通,鷺ノ宮,下井草,2
西武新宿線,22007,普通,下井草,井荻,1
西武新宿線,22007,普通,井荻,上井草,1
西武新宿線,22007,普通,上井草,上石神井,2
西武新宿線,22007,普通,上石神井,武蔵関,2
西武新宿線,22007,普通,武蔵関,東伏見,2
西武新宿線,22007,普通,東伏見,西武柳沢,1
西武新宿線,22007,普通,西武柳沢,田無,2
西武新宿線,22007,普通,田無,花小金井,2
西武新宿線,22007,普通,花小金井,小平,3
西武新宿線,22007,普通,小平,久米川,2
西武新宿線,22007,普通,久米川,東村山,1
西武新宿線,22007,普通,東村山,所沢,3
西武新宿線,22007,普通,所沢,航空公園,2
西武新宿線,22007,普通,航空公園,新所沢,2
西武新宿線,22007,普通,新所沢,入曽,4
西武新宿線,22007,普通,入曽,狭山市,3
西武新宿線,22007,普通,狭山市,新狭山,3
西武新宿線,22007,普通,新狭山,南大塚,2
西武新宿線,22007,普通,南大塚,本川越,3
西武新宿線,22007,準急,西武新宿,高田馬場,3
西武新宿線,22007,準急,高田馬場,鷺ノ宮,12
西武新宿線,22007,準急,鷺ノ宮,上石神井,5
西武新宿線,22007,準急,上石神井,武蔵関,2
西武新宿線,22007,準急,武蔵関,東伏見,2
西武新宿線,22007,準急,東伏見,西武柳沢,2
西武新宿線,22007,準急,西武柳沢,田無,1
西武新宿線,22007,準急,田無,花小金井,2
西武新宿線,22007,準急,花小金井,小平,3
西武新宿線,22007,準急,小平,久米川,2
西武新宿線,22007,準急,久米川,東村山,2
西武新宿線,22007,準急,東村山,所沢,4
西武新宿線,22007,準急,所沢,航空公園,2
西武新宿線,22007,準急,航空公園,新所沢,1
西武新宿線,22007,準急,新所沢,入曽,3
西武新宿線,22007,準急,入曽,狭山市,3
西武新宿線,22007,準急,狭山市,新狭山,2
西武新宿線,22007,準急,新狭山,南大塚,3
西武新宿線,22007,準急,南大塚,本川越,4
西武新宿線,22007,特急,西武新宿,高田馬場,3
西武新宿線,22007,特急,高田馬場,東村山,25
西武新宿線,22007,特急,東村山,所沢,3
西武新宿線,22007,特急,所沢,狭山市,7
西武新宿線,22007,特急,狭山市,本川越,7
西武拝島線,22008,準急,小平,萩山,2
西武拝島線,22008,準急,萩山,小川(東京都),2
西武拝島線,22008,準急,小川(東京都),東大和市,3
西武拝島線,22008,準急,東大和市,玉川上水,2
西武拝島線,22008,準急,玉川上水,武蔵砂川,3
西武拝島線,22008,準急,武蔵砂川,西武立川,3
西武拝島線,22008,準急,西武立川,拝島,3
西武拝島線,22008,急行,小平,萩山,2
西武拝島線,22008,急行,萩山,小川(東京都),3
西武拝島線,22008,急行,小川(東京都),東大和市,3
西武拝島線,22008,急行,東大和市,玉川上水,2
西武拝島線,22008,急行,玉川上水,武蔵砂川,3
西武拝島線,22008,急行,武蔵砂川,西武立川,2
西武拝島線,22008,急行,西武立川,拝島,3
西武拝島線,22008,普通,小平,萩山,2
西武拝島線,22008,普通,萩山,小川(東京都),2
西武拝島線,22008,普通,小川(東京都),東大和市,3
西武拝島線,22008,普通,東大和市,玉川上水,2
西武拝島線,22008,普通,玉川上水,武蔵砂川,3
西武拝島線,22008,普通,武蔵砂川,西武立川,2
西武拝島線,22008,普通,西武立川,拝島,3
西武西武園線,22009,普通,東村山,西武園,3
西武国分寺線,22010,普通,国分寺,恋ケ窪,2
西武国分寺線,22010,普通,恋ケ窪,鷹の台,2
西武国分寺線,22010,普通,鷹の台,小川(東京都),2
西武国分寺線,22010,普通,小川(東京都),東村山,2
西武多摩湖線,22011,普通,国分寺,一橋学園,3
西武多摩湖線,22011,普通,一橋学園,青梅街道,1
西武多摩湖線,22011,普通,青梅街道,萩山,2
西武多摩湖線,22011,普通,萩山,八坂,2
西武多摩湖線,22011,普通,八坂,武蔵大和,3
西武多摩湖線,22011,普通,武蔵大和,西武遊園地,2
西武多摩川線,22012,普通,武蔵境,新小金井,2
西武多摩川線,22012,普通,新小金井,多磨,3
西武多摩川線,22012,普通,多磨,白糸台,2
西武多摩川線,22012,普通,白糸台,競艇場前,2
西武多摩川線,22012,普通,競艇場前,是政,2
京成本線,23001,特急,京成上野,日暮里,4
京成本線,23001,特急,日暮里,青砥,10
京成本線,23001,特急,青砥,京成高砂,2
京成本線,23001,特急,京成高砂,京成八幡,6
京成本線,23001,特急,京成八幡,京成船橋,6
京成本線,23001,特急,京成船橋,京成津田沼,4
京成本線,23001,特急,京成津田沼,八千代台,6
京成本線,23001,特急,八千代台,勝田台,4
京成本線,23001,特急,勝田台,京成佐倉,9
京成本線,23001,特急,京成佐倉,大佐倉,2
京成本線,23001,特急,大佐倉,京成酒々井,2
京成本線,23001,特急,京成酒々井,宗吾参道,2
京成本線,23001,特急,宗吾参道,公津の杜,2
京成本線,23001,特急,公津の杜,京成成田,4
京成本線,23001,特急,京成成田,空港第２ビル(鉄道),6
京成本線,23001,特急,空港第２ビル(鉄道),成田空港(鉄道),2
京成本線,23001,特急スカイライナー,京成上野,日暮里,5
京成本線,23001,特急スカイライナー,日暮里,空港第２ビル(鉄道),38
京成本線,23001,特急スカイライナー,空港第２ビル(鉄道),成田空港(鉄道),2
京成本線,23001,特急,京成上野,日暮里,4
京成本線,23001,特急,日暮里,青砥,10
京成本線,23001,特急,青砥,京成高砂,2
京成本線,23001,特急,京成高砂,京成八幡,6
京成本線,23001,特急,京成八幡,京成船橋,6
京成本線,23001,特急,京成船橋,京成津田沼,4
京成本線,23001,特急,京成津田沼,八千代台,6
京成本線,23001,特急,八千代台,勝田台,4
京成本線,23001,特急,勝田台,京成佐倉,9
京成本線,23001,特急,京成佐倉,大佐倉,2
京成本線,23001,特急,大佐倉,京成酒々井,2
京成本線,23001,特急,京成酒々井,宗吾参道,2
京成本線,23001,特急,宗吾参道,公津の杜,2
京成本線,23001,特急,公津の杜,京成成田,4
京成本線,23001,特急,京成成田,空港第２ビル(鉄道),6
京成本線,23001,特急,空港第２ビル(鉄道),成田空港(鉄道),2
京成本線,23001,特急スカイライナー,京成上野,日暮里,5
京成本線,23001,特急スカイライナー,日暮里,空港第２ビル(鉄道),38
京成本線,23001,特急スカイライナー,空港第２ビル(鉄道),成田空港(鉄道),2
京成押上線,23002,普通,押上,京成曳舟,2
京成押上線,23002,普通,京成曳舟,八広,2
京成押上線,23002,普通,八広,四ツ木,2
京成押上線,23002,普通,四ツ木,京成立石,1
京成押上線,23002,普通,京成立石,青砥,3
京成押上線,23002,普通,青砥,京成高砂,2
京成押上線,23002,快速特急,押上,青砥,6
京成押上線,23002,快速特急,青砥,京成高砂,2
京成金町線,23003,普通,京成高砂,柴又,2
京成金町線,23003,普通,柴又,京成金町,3
京成千葉線,23004,普通,京成津田沼,京成幕張本郷,3
京成千葉線,23004,普通,京成幕張本郷,京成幕張,2
京成千葉線,23004,普通,京成幕張,検見川,2
京成千葉線,23004,普通,検見川,京成稲毛,3
京成千葉線,23004,普通,京成稲毛,みどり台,2
京成千葉線,23004,普通,みどり台,西登戸,2
京成千葉線,23004,普通,西登戸,新千葉,1
京成千葉線,23004,普通,新千葉,京成千葉,2
京成千葉線,23004,普通,京成千葉,千葉中央,2
京成千原線,23005,普通,千葉中央,千葉寺,2
京成千原線,23005,普通,千葉寺,大森台,5
京成千原線,23005,普通,大森台,学園前(千葉県),3
京成千原線,23005,普通,学園前(千葉県),おゆみ野,2
京成千原線,23005,普通,おゆみ野,ちはら台,2
成田スカイアクセス,23006,特急スカイライナー,成田空港(鉄道),空港第２ビル(鉄道),3
成田スカイアクセス,23006,特急スカイライナー,空港第２ビル(鉄道),日暮里,45
成田スカイアクセス,23006,特急スカイライナー,日暮里,京成上野,4
成田スカイアクセス,23006,普通,成田空港(鉄道),空港第２ビル(鉄道),3
成田スカイアクセス,23006,普通,空港第２ビル(鉄道),成田湯川,12
成田スカイアクセス,23006,普通,成田湯川,印旛日本医大,6
成田スカイアクセス,23006,普通,印旛日本医大,千葉ニュータウン中央,5
成田スカイアクセス,23006,普通,千葉ニュータウン中央,新鎌ケ谷,8
成田スカイアクセス,23006,普通,新鎌ケ谷,東松戸,4
成田スカイアクセス,23006,普通,東松戸,京成高砂,6
成田スカイアクセス,23006,普通,京成高砂,青砥,2
成田スカイアクセス,23006,普通,青砥,日暮里,9
成田スカイアクセス,23006,普通,日暮里,京成上野,4
京王線,24001,普通,新宿,笹塚,5
京王線,24001,普通,笹塚,代田橋,1
京王線,24001,普通,代田橋,明大前,1
京王線,24001,普通,明大前,下高井戸,1
京王線,24001,普通,下高井戸,桜上水,2
京王線,24001,普通,桜上水,上北沢,2
京王線,24001,普通,上北沢,八幡山,2
京王線,24001,普通,八幡山,芦花公園,2
京王線,24001,普通,芦花公園,千歳烏山,1
京王線,24001,普通,千歳烏山,仙川,2
京王線,24001,普通,仙川,つつじケ丘,3
京王線,24001,普通,つつじケ丘,柴崎,2
京王線,24001,普通,柴崎,国領,1
京王線,24001,普通,国領,布田,1
京王線,24001,普通,布田,調布,2
京王線,24001,普通,調布,西調布,1
京王線,24001,普通,西調布,飛田給,1
京王線,24001,普通,飛田給,武蔵野台,2
京王線,24001,普通,武蔵野台,多磨霊園,1
京王線,24001,普通,多磨霊園,東府中,2
京王線,24001,普通,東府中,府中(東京都),2
京王線,24001,普通,府中(東京都),分倍河原,1
京王線,24001,普通,分倍河原,中河原,1
京王線,24001,普通,中河原,聖蹟桜ケ丘,1
京王線,24001,普通,聖蹟桜ケ丘,百草園,2
京王線,24001,普通,百草園,高幡不動,2
京王線,24001,普通,高幡不動,南平,2
京王線,24001,普通,南平,平山城址公園,1
京王線,24001,普通,平山城址公園,長沼(東京都),1
京王線,24001,普通,長沼(東京都),北野(東京都),2
京王線,24001,普通,北野(東京都),京王八王子,2
京王線,24001,準特急,新宿,笹塚,5
京王線,24001,準特急,笹塚,明大前,2
京王線,24001,準特急,明大前,千歳烏山,5
京王線,24001,準特急,千歳烏山,調布,6
京王線,24001,準特急,調布,府中(東京都),5
京王線,24001,準特急,府中(東京都),分倍河原,2
京王線,24001,準特急,分倍河原,聖蹟桜ケ丘,3
京王線,24001,準特急,聖蹟桜ケ丘,高幡不動,4
京王線,24001,準特急,高幡不動,北野(東京都),6
京王線,24001,準特急,北野(東京都),京王八王子,4
京王線,24001,特急,新宿,明大前,7
京王線,24001,特急,明大前,調布,12
京王線,24001,特急,調布,府中(東京都),6
京王線,24001,特急,府中(東京都),分倍河原,2
京王線,24001,特急,分倍河原,聖蹟桜ケ丘,3
京王線,24001,特急,聖蹟桜ケ丘,高幡不動,3
京王線,24001,特急,高幡不動,北野(東京都),6
京王線,24001,特急,北野(東京都),京王八王子,2
京王線,24001,快速,新宿,笹塚,4
京王線,24001,快速,笹塚,明大前,2
京王線,24001,快速,明大前,下高井戸,1
京王線,24001,快速,下高井戸,桜上水,2
京王線,24001,快速,桜上水,八幡山,2
京王線,24001,快速,八幡山,千歳烏山,3
京王線,24001,快速,千歳烏山,仙川,2
京王線,24001,快速,仙川,つつじケ丘,2
京王線,24001,快速,つつじケ丘,調布,3
京王線,24001,快速,調布,西調布,2
京王線,24001,快速,西調布,飛田給,1
京王線,24001,快速,飛田給,武蔵野台,2
京王線,24001,快速,武蔵野台,多磨霊園,1
京王線,24001,快速,多磨霊園,東府中,1
京王線,24001,快速,東府中,府中(東京都),2
京王線,24001,快速,府中(東京都),分倍河原,1
京王線,24001,快速,分倍河原,中河原,1
京王線,24001,快速,中河原,聖蹟桜ケ丘,1
京王線,24001,快速,聖蹟桜ケ丘,百草園,2
京王線,24001,快速,百草園,高幡不動,2
京王線,24001,快速,高幡不動,南平,2
京王線,24001,快速,南平,平山城址公園,2
京王線,24001,快速,平山城址公園,長沼(東京都),2
京王線,24001,快速,長沼(東京都),北野(東京都),2
京王線,24001,快速,北野(東京都),京王八王子,3
京王相模原線,24002,準特急,調布,京王稲田堤,3
京王相模原線,24002,準特急,京王稲田堤,京王永山,7
京王相模原線,24002,準特急,京王永山,京王多摩センター,2
京王相模原線,24002,準特急,京王多摩センター,南大沢,3
京王相模原線,24002,準特急,南大沢,橋本(神奈川県),4
京王相模原線,24002,区間急行,調布,京王多摩川,2
京王相模原線,24002,区間急行,京王多摩川,京王稲田堤,2
京王相模原線,24002,区間急行,京王稲田堤,京王よみうりランド,2
京王相模原線,24002,区間急行,京王よみうりランド,稲城,2
京王相模原線,24002,区間急行,稲城,若葉台,3
京王相模原線,24002,区間急行,若葉台,京王永山,3
京王相模原線,24002,区間急行,京王永山,京王多摩センター,2
京王相模原線,24002,区間急行,京王多摩センター,京王堀之内,2
京王相模原線,24002,区間急行,京王堀之内,南大沢,2
京王相模原線,24002,区間急行,南大沢,多摩境,2
京王相模原線,24002,区間急行,多摩境,橋本(神奈川県),3
京王相模原線,24002,急行,調布,京王稲田堤,3
京王相模原線,24002,急行,京王稲田堤,京王永山,6
京王相模原線,24002,急行,京王永山,京王多摩センター,3
京王相模原線,24002,急行,京王多摩センター,京王堀之内,2
京王相模原線,24002,急行,京王堀之内,南大沢,2
京王相模原線,24002,急行,南大沢,多摩境,2
京王相模原線,24002,急行,多摩境,橋本(神奈川県),3
京王相模原線,24002,特急,調布,京王稲田堤,3
京王相模原線,24002,特急,京王稲田堤,京王永山,6
京王相模原線,24002,特急,京王永山,京王多摩センター,2
京王相模原線,24002,特急,京王多摩センター,南大沢,3
京王相模原線,24002,特急,南大沢,橋本(神奈川県),4
京王相模原線,24002,普通,調布,京王多摩川,2
京王相模原線,24002,普通,京王多摩川,京王稲田堤,2
京王相模原線,24002,普通,京王稲田堤,京王よみうりランド,1
京王相模原線,24002,普通,京王よみうりランド,稲城,1
京王相模原線,24002,普通,稲城,若葉台,3
京王相模原線,24002,普通,若葉台,京王永山,2
京王相模原線,24002,普通,京王永山,京王多摩センター,3
京王相模原線,24002,普通,京王多摩センター,京王堀之内,2
京王相模原線,24002,普通,京王堀之内,南大沢,2
京王相模原線,24002,普通,南大沢,多摩境,2
京王相模原線,24002,普通,多摩境,橋本(神奈川県),4
京王相模原線,24002,快速,調布,京王多摩川,2
京王相模原線,24002,快速,京王多摩川,京王稲田堤,1
京王相模原線,24002,快速,京王稲田堤,京王よみうりランド,1
京王相模原線,24002,快速,京王よみうりランド,稲城,1
京王相模原線,24002,快速,稲城,若葉台,2
京王相模原線,24002,快速,若葉台,京王永山,2
京王相模原線,24002,快速,京王永山,京王多摩センター,2
京王相模原線,24002,快速,京王多摩センター,京王堀之内,2
京王相模原線,24002,快速,京王堀之内,南大沢,2
京王相模原線,24002,快速,南大沢,多摩境,2
京王相模原線,24002,快速,多摩境,橋本(神奈川県),3
京王高尾線,24003,普通,北野(東京都),京王片倉,2
京王高尾線,24003,普通,京王片倉,山田(東京都),2
京王高尾線,24003,普通,山田(東京都),めじろ台,1
京王高尾線,24003,普通,めじろ台,狭間,1
京王高尾線,24003,普通,狭間,高尾(東京都),2
京王高尾線,24003,普通,高尾(東京都),高尾山口,3
京王高尾線,24003,準特急,北野(東京都),京王片倉,2
京王高尾線,24003,準特急,京王片倉,山田(東京都),2
京王高尾線,24003,準特急,山田(東京都),めじろ台,1
京王高尾線,24003,準特急,めじろ台,狭間,1
京王高尾線,24003,準特急,狭間,高尾(東京都),2
京王高尾線,24003,準特急,高尾(東京都),高尾山口,2
京王高尾線,24003,特急,北野(東京都),めじろ台,4
京王高尾線,24003,特急,めじろ台,高尾(東京都),4
京王高尾線,24003,特急,高尾(東京都),高尾山口,3
京王高尾線,24003,快速,北野(東京都),京王片倉,2
京王高尾線,24003,快速,京王片倉,山田(東京都),2
京王高尾線,24003,快速,山田(東京都),めじろ台,1
京王高尾線,24003,快速,めじろ台,狭間,1
京王高尾線,24003,快速,狭間,高尾(東京都),1
京王高尾線,24003,快速,高尾(東京都),高尾山口,2
京王競馬場線,24004,普通,東府中,府中競馬正門前,3
京王動物園線,24005,普通,高幡不動,多摩動物公園,3
京王井の頭線,24006,普通,渋谷,神泉,1
京王井の頭線,24006,普通,神泉,駒場東大前,1
京王井の頭線,24006,普通,駒場東大前,池ノ上,1
京王井の頭線,24006,普通,池ノ上,下北沢,2
京王井の頭線,24006,普通,下北沢,新代田,1
京王井の頭線,24006,普通,新代田,東松原,1
京王井の頭線,24006,普通,東松原,明大前,1
京王井の頭線,24006,普通,明大前,永福町,2
京王井の頭線,24006,普通,永福町,西永福,1
京王井の頭線,24006,普通,西永福,浜田山,1
京王井の頭線,24006,普通,浜田山,高井戸,1
京王井の頭線,24006,普通,高井戸,富士見ケ丘,1
京王井の頭線,24006,普通,富士見ケ丘,久我山,1
京王井の頭線,24006,普通,久我山,三鷹台,2
京王井の頭線,24006,普通,三鷹台,井の頭公園,1
京王井の頭線,24006,普通,井の頭公園,吉祥寺,2
京王井の頭線,24006,急行,渋谷,下北沢,5
京王井の頭線,24006,急行,下北沢,明大前,3
京王井の頭線,24006,急行,明大前,永福町,2
京王井の頭線,24006,急行,永福町,久我山,6
京王井の頭線,24006,急行,久我山,吉祥寺,4
京王新線,24007,普通,新宿,初台,1
京王新線,24007,普通,初台,幡ケ谷,1
京王新線,24007,普通,幡ケ谷,笹塚,2
京王新線,24007,急行,新宿,初台,1
京王新線,24007,急行,初台,幡ケ谷,1
京王新線,24007,急行,幡ケ谷,笹塚,2
小田急線,25001,急行,新宿,代々木上原,5
小田急線,25001,急行,代々木上原,下北沢,2
小田急線,25001,急行,下北沢,経堂,4
小田急線,25001,急行,経堂,成城学園前,4
小田急線,25001,急行,成城学園前,登戸,4
小田急線,25001,急行,登戸,向ケ丘遊園,1
小田急線,25001,急行,向ケ丘遊園,新百合ケ丘,5
小田急線,25001,急行,新百合ケ丘,町田,7
小田急線,25001,急行,町田,相模大野,3
小田急線,25001,急行,相模大野,海老名(相鉄・小田急),8
小田急線,25001,急行,海老名(相鉄・小田急),本厚木,3
小田急線,25001,急行,本厚木,愛甲石田,3
小田急線,25001,急行,愛甲石田,伊勢原,3
小田急線,25001,急行,伊勢原,鶴巻温泉,3
小田急線,25001,急行,鶴巻温泉,東海大学前,1
小田急線,25001,急行,東海大学前,秦野,5
小田急線,25001,急行,秦野,渋沢,4
小田急線,25001,急行,渋沢,新松田,6
小田急線,25001,急行,新松田,開成,2
小田急線,25001,急行,開成,小田原,7
小田急線,25001,快速急行,新宿,代々木上原,5
小田急線,25001,快速急行,代々木上原,下北沢,2
小田急線,25001,快速急行,下北沢,登戸,9
小田急線,25001,快速急行,登戸,新百合ケ丘,5
小田急線,25001,快速急行,新百合ケ丘,町田,9
小田急線,25001,快速急行,町田,相模大野,2
小田急線,25001,快速急行,相模大野,海老名(相鉄・小田急),8
小田急線,25001,快速急行,海老名(相鉄・小田急),本厚木,3
小田急線,25001,快速急行,本厚木,愛甲石田,2
小田急線,25001,快速急行,愛甲石田,伊勢原,3
小田急線,25001,快速急行,伊勢原,鶴巻温泉,3
小田急線,25001,快速急行,鶴巻温泉,東海大学前,2
小田急線,25001,快速急行,東海大学前,秦野,5
小田急線,25001,快速急行,秦野,渋沢,3
小田急線,25001,快速急行,渋沢,新松田,6
小田急線,25001,快速急行,新松田,開成,2
小田急線,25001,快速急行,開成,小田原,7
小田急江ノ島線,25002,普通,相模大野,東林間,2
小田急江ノ島線,25002,普通,東林間,中央林間,1
小田急江ノ島線,25002,普通,中央林間,南林間,1
小田急江ノ島線,25002,普通,南林間,鶴間,1
小田急江ノ島線,25002,普通,鶴間,大和(神奈川県),3
小田急江ノ島線,25002,普通,大和(神奈川県),桜ケ丘,2
小田急江ノ島線,25002,普通,桜ケ丘,高座渋谷,2
小田急江ノ島線,25002,普通,高座渋谷,長後,2
小田急江ノ島線,25002,普通,長後,湘南台,2
小田急江ノ島線,25002,普通,湘南台,六会日大前,2
小田急江ノ島線,25002,普通,六会日大前,善行,3
小田急江ノ島線,25002,普通,善行,藤沢本町,2
小田急江ノ島線,25002,普通,藤沢本町,藤沢,3
小田急江ノ島線,25002,普通,藤沢,本鵠沼,2
小田急江ノ島線,25002,普通,本鵠沼,鵠沼海岸,2
小田急江ノ島線,25002,普通,鵠沼海岸,片瀬江ノ島,3
小田急江ノ島線,25002,特急,相模大野,大和(神奈川県),7
小田急江ノ島線,25002,特急,大和(神奈川県),藤沢,16
小田急江ノ島線,25002,特急,藤沢,片瀬江ノ島,5
小田急多摩線,25003,普通,新百合ケ丘,五月台,2
小田急多摩線,25003,普通,五月台,栗平,1
小田急多摩線,25003,普通,栗平,黒川(神奈川県),1
小田急多摩線,25003,普通,黒川(神奈川県),はるひ野,2
小田急多摩線,25003,普通,はるひ野,小田急永山,2
小田急多摩線,25003,普通,小田急永山,小田急多摩センター,3
小田急多摩線,25003,普通,小田急多摩センター,唐木田,2
小田急多摩線,25003,快速急行,新百合ケ丘,栗平,2
小田急多摩線,25003,快速急行,栗平,小田急永山,4
小田急多摩線,25003,快速急行,小田急永山,小田急多摩センター,2
小田急多摩線,25003,快速急行,小田急多摩センター,唐木田,2
小田急多摩線,25003,急行,新百合ケ丘,栗平,3
小田急多摩線,25003,急行,栗平,小田急永山,4
小田急多摩線,25003,急行,小田急永山,小田急多摩センター,3
小田急多摩線,25003,急行,小田急多摩センター,唐木田,2
東急東横線,26001,急行,渋谷,中目黒,3
東急東横線,26001,急行,中目黒,学芸大学,3
東急東横線,26001,急行,学芸大学,自由が丘,3
東急東横線,26001,急行,自由が丘,田園調布,2
東急東横線,26001,急行,田園調布,多摩川,2
東急東横線,26001,急行,多摩川,武蔵小杉,2
東急東横線,26001,急行,武蔵小杉,日吉(神奈川県),3
東急東横線,26001,急行,日吉(神奈川県),綱島,2
東急東横線,26001,急行,綱島,菊名,3
東急東横線,26001,急行,菊名,横浜,6
東急東横線,26001,普通,渋谷,代官山,3
東急東横線,26001,普通,代官山,中目黒,1
東急東横線,26001,普通,中目黒,祐天寺,1
東急東横線,26001,普通,祐天寺,学芸大学,1
東急東横線,26001,普通,学芸大学,都立大学,2
東急東横線,26001,普通,都立大学,自由が丘,3
東急東横線,26001,普通,自由が丘,田園調布,3
東急東横線,26001,普通,田園調布,多摩川,1
東急東横線,26001,普通,多摩川,新丸子,2
東急東横線,26001,普通,新丸子,武蔵小杉,1
東急東横線,26001,普通,武蔵小杉,元住吉,2
東急東横線,26001,普通,元住吉,日吉(神奈川県),2
東急東横線,26001,普通,日吉(神奈川県),綱島,2
東急東横線,26001,普通,綱島,大倉山(神奈川県),3
東急東横線,26001,普通,大倉山(神奈川県),菊名,2
東急東横線,26001,普通,菊名,妙蓮寺,3
東急東横線,26001,普通,妙蓮寺,白楽,2
東急東横線,26001,普通,白楽,東白楽,1
東急東横線,26001,普通,東白楽,反町,2
東急東横線,26001,普通,反町,横浜,2
東急東横線,26001,通勤特急,渋谷,中目黒,3
東急東横線,26001,通勤特急,中目黒,自由が丘,7
東急東横線,26001,通勤特急,自由が丘,武蔵小杉,5
東急東横線,26001,通勤特急,武蔵小杉,日吉(神奈川県),3
東急東横線,26001,通勤特急,日吉(神奈川県),菊名,5
東急東横線,26001,通勤特急,菊名,横浜,7
東急東横線,26001,特急,渋谷,中目黒,3
東急東横線,26001,特急,中目黒,自由が丘,7
東急東横線,26001,特急,自由が丘,武蔵小杉,4
東急東横線,26001,特急,武蔵小杉,菊名,6
東急東横線,26001,特急,菊名,横浜,7
東急目黒線,26002,普通,目黒,不動前,1
東急目黒線,26002,普通,不動前,武蔵小山,1
東急目黒線,26002,普通,武蔵小山,西小山,1
東急目黒線,26002,普通,西小山,洗足,1
東急目黒線,26002,普通,洗足,大岡山,1
東急目黒線,26002,普通,大岡山,奥沢,1
東急目黒線,26002,普通,奥沢,田園調布,1
東急目黒線,26002,普通,田園調布,多摩川,1
東急目黒線,26002,普通,多摩川,新丸子,2
東急目黒線,26002,普通,新丸子,武蔵小杉,1
東急目黒線,26002,普通,武蔵小杉,元住吉,1
東急目黒線,26002,普通,元住吉,日吉(神奈川県),2
東急目黒線,26002,急行,目黒,武蔵小山,2
東急目黒線,26002,急行,武蔵小山,大岡山,3
東急目黒線,26002,急行,大岡山,田園調布,3
東急目黒線,26002,急行,田園調布,多摩川,2
東急目黒線,26002,急行,多摩川,武蔵小杉,2
東急目黒線,26002,急行,武蔵小杉,日吉(神奈川県),4
東急田園都市線,26003,普通,渋谷,池尻大橋,3
東急田園都市線,26003,普通,池尻大橋,三軒茶屋,2
東急田園都市線,26003,普通,三軒茶屋,駒沢大学,2
東急田園都市線,26003,普通,駒沢大学,桜新町,2
東急田園都市線,26003,普通,桜新町,用賀,2
東急田園都市線,26003,普通,用賀,二子玉川,2
東急田園都市線,26003,普通,二子玉川,二子新地,1
東急田園都市線,26003,普通,二子新地,高津(神奈川県),1
東急田園都市線,26003,普通,高津(神奈川県),溝の口,2
東急田園都市線,26003,普通,溝の口,梶が谷,2
東急田園都市線,26003,普通,梶が谷,宮崎台,3
東急田園都市線,26003,普通,宮崎台,宮前平,1
東急田園都市線,26003,普通,宮前平,鷺沼,2
東急田園都市線,26003,普通,鷺沼,たまプラーザ,2
東急田園都市線,26003,普通,たまプラーザ,あざみ野,1
東急田園都市線,26003,普通,あざみ野,江田(神奈川県),2
東急田園都市線,26003,普通,江田(神奈川県),市が尾,2
東急田園都市線,26003,普通,市が尾,藤が丘(神奈川県),2
東急田園都市線,26003,普通,藤が丘(神奈川県),青葉台,1
東急田園都市線,26003,普通,青葉台,田奈,2
東急田園都市線,26003,普通,田奈,長津田,2
東急田園都市線,26003,普通,長津田,つくし野,2
東急田園都市線,26003,普通,つくし野,すずかけ台,1
東急田園都市線,26003,普通,すずかけ台,南町田グランベリーパーク,2
東急田園都市線,26003,普通,南町田グランベリーパーク,つきみ野,2
東急田園都市線,26003,普通,つきみ野,中央林間,3
東急田園都市線,26003,準急,渋谷,池尻大橋,3
東急田園都市線,26003,準急,池尻大橋,三軒茶屋,2
東急田園都市線,26003,準急,三軒茶屋,駒沢大学,2
東急田園都市線,26003,準急,駒沢大学,桜新町,2
東急田園都市線,26003,準急,桜新町,用賀,2
東急田園都市線,26003,準急,用賀,二子玉川,3
東急田園都市線,26003,準急,二子玉川,溝の口,3
東急田園都市線,26003,準急,溝の口,鷺沼,4
東急田園都市線,26003,準急,鷺沼,たまプラーザ,1
東急田園都市線,26003,準急,たまプラーザ,あざみ野,1
東急田園都市線,26003,準急,あざみ野,青葉台,4
東急田園都市線,26003,準急,青葉台,長津田,4
東急田園都市線,26003,準急,長津田,つくし野,2
東急田園都市線,26003,準急,つくし野,すずかけ台,2
東急田園都市線,26003,準急,すずかけ台,南町田グランベリーパーク,1
東急田園都市線,26003,準急,南町田グランベリーパーク,つきみ野,1
東急田園都市線,26003,準急,つきみ野,中央林間,3
東急田園都市線,26003,急行,渋谷,三軒茶屋,4
東急田園都市線,26003,急行,三軒茶屋,二子玉川,6
東急田園都市線,26003,急行,二子玉川,溝の口,3
東急田園都市線,26003,急行,溝の口,鷺沼,6
東急田園都市線,26003,急行,鷺沼,たまプラーザ,1
東急田園都市線,26003,急行,たまプラーザ,あざみ野,1
東急田園都市線,26003,急行,あざみ野,青葉台,4
東急田園都市線,26003,急行,青葉台,長津田,3
東急田園都市線,26003,急行,長津田,南町田グランベリーパーク,4
東急田園都市線,26003,急行,南町田グランベリーパーク,中央林間,4
東急大井町線,26004,普通,大井町,下神明,1
東急大井町線,26004,普通,下神明,戸越公園,2
東急大井町線,26004,普通,戸越公園,中延,1
東急大井町線,26004,普通,中延,荏原町,2
東急大井町線,26004,普通,荏原町,旗の台,1
東急大井町線,26004,普通,旗の台,北千束,2
東急大井町線,26004,普通,北千束,大岡山,1
東急大井町線,26004,普通,大岡山,緑が丘(東京都),1
東急大井町線,26004,普通,緑が丘(東京都),自由が丘,2
東急大井町線,26004,普通,自由が丘,九品仏,2
東急大井町線,26004,普通,九品仏,尾山台,1
東急大井町線,26004,普通,尾山台,等々力,2
東急大井町線,26004,普通,等々力,上野毛,1
東急大井町線,26004,普通,上野毛,二子玉川,2
東急大井町線,26004,普通,二子玉川,溝の口,3
東急大井町線,26004,急行,大井町,旗の台,5
東急大井町線,26004,急行,旗の台,大岡山,2
東急大井町線,26004,急行,大岡山,自由が丘,2
東急大井町線,26004,急行,自由が丘,二子玉川,7
東急大井町線,26004,急行,二子玉川,溝の口,3
東急池上線,26005,普通,五反田,大崎広小路,2
東急池上線,26005,普通,大崎広小路,戸越銀座,2
東急池上線,26005,普通,戸越銀座,荏原中延,1
東急池上線,26005,普通,荏原中延,旗の台,1
東急池上線,26005,普通,旗の台,長原(東京都),1
東急池上線,26005,普通,長原(東京都),洗足池,2
東急池上線,26005,普通,洗足池,石川台,1
東急池上線,26005,普通,石川台,雪が谷大塚,1
東急池上線,26005,普通,雪が谷大塚,御嶽山,2
東急池上線,26005,普通,御嶽山,久が原,1
東急池上線,26005,普通,久が原,千鳥町,2
東急池上線,26005,普通,千鳥町,池上,2
東急池上線,26005,普通,池上,蓮沼,3
東急池上線,26005,普通,蓮沼,蒲田,2
東急多摩川線,26006,普通,多摩川,沼部,2
東急多摩川線,26006,普通,沼部,鵜の木,1
東急多摩川線,26006,普通,鵜の木,下丸子,2
東急多摩川線,26006,普通,下丸子,武蔵新田,2
東急多摩川線,26006,普通,武蔵新田,矢口渡,1
東急多摩川線,26006,普通,矢口渡,蒲田,3
東急世田谷線,26007,普通,三軒茶屋,西太子堂,2
東急世田谷線,26007,普通,西太子堂,若林(東京都),2
東急世田谷線,26007,普通,若林(東京都),松陰神社前,2
東急世田谷線,26007,普通,松陰神社前,世田谷,1
東急世田谷線,26007,普通,世田谷,上町,1
東急世田谷線,26007,普通,上町,宮の坂,2
東急世田谷線,26007,普通,宮の坂,山下(東京都),2
東急世田谷線,26007,普通,山下(東京都),松原(東京都),2
東急世田谷線,26007,普通,松原(東京都),下高井戸,3
東急こどもの国線,26008,普通,長津田,恩田,3
東急こどもの国線,26008,普通,恩田,こどもの国(神奈川県),3
京急本線,27001,エアポート急行,泉岳寺,品川,2
京急本線,27001,エアポート急行,品川,青物横丁,2
京急本線,27001,エアポート急行,青物横丁,立会川,2
京急本線,27001,エアポート急行,立会川,平和島,4
京急本線,27001,エアポート急行,平和島,京急蒲田,4
京急本線,27001,エアポート急行,京急蒲田,糀谷,2
京急本線,27001,エアポート急行,糀谷,大鳥居,2
京急本線,27001,エアポート急行,大鳥居,穴守稲荷,1
京急本線,27001,エアポート急行,穴守稲荷,天空橋,1
京急本線,27001,エアポート急行,天空橋,羽田空港第３ターミナル(京急),2
京急本線,27001,エアポート急行,羽田空港第３ターミナル(京急),羽田空港第１・第２ターミナル(京急),2
京急本線,27001,エアポート快特,泉岳寺,品川,2
京急本線,27001,エアポート快特,品川,羽田空港第３ターミナル(京急),14
京急本線,27001,エアポート快特,羽田空港第３ターミナル(京急),羽田空港第１・第２ターミナル(京急),3
京急本線,27001,快特,泉岳寺,品川,2
京急本線,27001,快特,品川,京急蒲田,7
京急本線,27001,快特,京急蒲田,羽田空港第３ターミナル(京急),5
京急本線,27001,快特,羽田空港第３ターミナル(京急),羽田空港第１・第２ターミナル(京急),2
京急空港線,27002,特急,京急蒲田,糀谷,1
京急空港線,27002,特急,糀谷,大鳥居,1
京急空港線,27002,特急,大鳥居,穴守稲荷,0
京急空港線,27002,特急,穴守稲荷,天空橋,1
京急空港線,27002,特急,天空橋,羽田空港第３ターミナル(京急),1
京急空港線,27002,特急,羽田空港第３ターミナル(京急),羽田空港第１・第２ターミナル(京急),2
京急空港線,27002,エアポート急行,京急蒲田,糀谷,1
京急空港線,27002,エアポート急行,糀谷,大鳥居,1
京急空港線,27002,エアポート急行,大鳥居,穴守稲荷,1
京急空港線,27002,エアポート急行,穴守稲荷,天空橋,1
京急空港線,27002,エアポート急行,天空橋,羽田空港第３ターミナル(京急),1
京急空港線,27002,エアポート急行,羽田空港第３ターミナル(京急),羽田空港第１・第２ターミナル(京急),2
京急空港線,27002,快特,京急蒲田,羽田空港第３ターミナル(京急),6
京急空港線,27002,快特,羽田空港第３ターミナル(京急),羽田空港第１・第２ターミナル(京急),2
京急空港線,27002,普通,京急蒲田,糀谷,2
京急空港線,27002,普通,糀谷,大鳥居,1
京急空港線,27002,普通,大鳥居,穴守稲荷,1
京急空港線,27002,普通,穴守稲荷,天空橋,1
京急空港線,27002,普通,天空橋,羽田空港第３ターミナル(京急),2
京急空港線,27002,普通,羽田空港第３ターミナル(京急),羽田空港第１・第２ターミナル(京急),2
京急大師線,27003,普通,京急川崎,港町,2
京急大師線,27003,普通,港町,鈴木町,1
京急大師線,27003,普通,鈴木町,川崎大師,1
京急大師線,27003,普通,川崎大師,東門前,1
京急大師線,27003,普通,東門前,大師橋,1
京急大師線,27003,普通,大師橋,小島新田,2
京急逗子線,27004,普通,金沢八景(京急線),六浦,1
京急逗子線,27004,普通,六浦,神武寺,3
京急逗子線,27004,普通,神武寺,逗子・葉山,2
京急逗子線,27004,特急,金沢八景(京急線),六浦,1
京急逗子線,27004,特急,六浦,神武寺,3
京急逗子線,27004,特急,神武寺,逗子・葉山,2
京急逗子線,27004,エアポート急行,金沢八景(京急線),六浦,1
京急逗子線,27004,エアポート急行,六浦,神武寺,2
京急逗子線,27004,エアポート急行,神武寺,逗子・葉山,2
京急久里浜線,27005,特急,堀ノ内,新大津,2
京急久里浜線,27005,特急,新大津,北久里浜,1
京急久里浜線,27005,特急,北久里浜,京急久里浜,2
京急久里浜線,27005,特急,京急久里浜,ＹＲＰ野比,3
京急久里浜線,27005,特急,ＹＲＰ野比,京急長沢,1
京急久里浜線,27005,特急,京急長沢,津久井浜,1
京急久里浜線,27005,特急,津久井浜,三浦海岸,2
京急久里浜線,27005,特急,三浦海岸,三崎口,2
京急久里浜線,27005,快特,堀ノ内,新大津,1
京急久里浜線,27005,快特,新大津,北久里浜,2
京急久里浜線,27005,快特,北久里浜,京急久里浜,2
京急久里浜線,27005,快特,京急久里浜,ＹＲＰ野比,3
京急久里浜線,27005,快特,ＹＲＰ野比,京急長沢,2
京急久里浜線,27005,快特,京急長沢,津久井浜,2
京急久里浜線,27005,快特,津久井浜,三浦海岸,2
京急久里浜線,27005,快特,三浦海岸,三崎口,3
東京メトロ銀座線,28001,普通,浅草,田原町(東京都),2
東京メトロ銀座線,28001,普通,田原町(東京都),稲荷町(東京都),1
東京メトロ銀座線,28001,普通,稲荷町(東京都),上野,1
東京メトロ銀座線,28001,普通,上野,上野広小路,1
東京メトロ銀座線,28001,普通,上野広小路,末広町(東京都),1
東京メトロ銀座線,28001,普通,末広町(東京都),神田(東京都),1
東京メトロ銀座線,28001,普通,神田(東京都),三越前,1
東京メトロ銀座線,28001,普通,三越前,日本橋(東京都),1
東京メトロ銀座線,28001,普通,日本橋(東京都),京橋(東京都),1
東京メトロ銀座線,28001,普通,京橋(東京都),銀座,2
東京メトロ銀座線,28001,普通,銀座,新橋,1
東京メトロ銀座線,28001,普通,新橋,虎ノ門,1
東京メトロ銀座線,28001,普通,虎ノ門,溜池山王,1
東京メトロ銀座線,28001,普通,溜池山王,赤坂見附,1
東京メトロ銀座線,28001,普通,赤坂見附,青山一丁目,2
東京メトロ銀座線,28001,普通,青山一丁目,外苑前,2
東京メトロ銀座線,28001,普通,外苑前,表参道,1
東京メトロ銀座線,28001,普通,表参道,渋谷,2
東京メトロ丸ノ内線,28002,普通,池袋,新大塚,3
東京メトロ丸ノ内線,28002,普通,新大塚,茗荷谷,2
東京メトロ丸ノ内線,28002,普通,茗荷谷,後楽園,2
東京メトロ丸ノ内線,28002,普通,後楽園,本郷三丁目,1
東京メトロ丸ノ内線,28002,普通,本郷三丁目,御茶ノ水,1
東京メトロ丸ノ内線,28002,普通,御茶ノ水,淡路町,1
東京メトロ丸ノ内線,28002,普通,淡路町,大手町(東京都),1
東京メトロ丸ノ内線,28002,普通,大手町(東京都),東京,1
東京メトロ丸ノ内線,28002,普通,東京,銀座,2
東京メトロ丸ノ内線,28002,普通,銀座,霞ケ関(東京都),2
東京メトロ丸ノ内線,28002,普通,霞ケ関(東京都),国会議事堂前,2
東京メトロ丸ノ内線,28002,普通,国会議事堂前,赤坂見附,2
東京メトロ丸ノ内線,28002,普通,赤坂見附,四ツ谷,2
東京メトロ丸ノ内線,28002,普通,四ツ谷,四谷三丁目,1
東京メトロ丸ノ内線,28002,普通,四谷三丁目,新宿御苑前,1
東京メトロ丸ノ内線,28002,普通,新宿御苑前,新宿三丁目,2
東京メトロ丸ノ内線,28002,普通,新宿三丁目,新宿(東京メトロ),1
東京メトロ丸ノ内線,28002,普通,新宿(東京メトロ),西新宿,1
東京メトロ丸ノ内線,28002,普通,西新宿,中野坂上,1
東京メトロ丸ノ内線,28002,普通,中野坂上,新中野,1
東京メトロ丸ノ内線,28002,普通,新中野,東高円寺,1
東京メトロ丸ノ内線,28002,普通,東高円寺,新高円寺,1
東京メトロ丸ノ内線,28002,普通,新高円寺,南阿佐ケ谷,2
東京メトロ丸ノ内線,28002,普通,南阿佐ケ谷,荻窪,3
東京メトロ丸ノ内線,28002,普通,池袋,新大塚,3
東京メトロ丸ノ内線,28002,普通,新大塚,茗荷谷,2
東京メトロ丸ノ内線,28002,普通,茗荷谷,後楽園,2
東京メトロ丸ノ内線,28002,普通,後楽園,本郷三丁目,1
東京メトロ丸ノ内線,28002,普通,本郷三丁目,御茶ノ水,1
東京メトロ丸ノ内線,28002,普通,御茶ノ水,淡路町,1
東京メトロ丸ノ内線,28002,普通,淡路町,大手町(東京都),1
東京メトロ丸ノ内線,28002,普通,大手町(東京都),東京,1
東京メトロ丸ノ内線,28002,普通,東京,銀座,2
東京メトロ丸ノ内線,28002,普通,銀座,霞ケ関(東京都),2
東京メトロ丸ノ内線,28002,普通,霞ケ関(東京都),国会議事堂前,2
東京メトロ丸ノ内線,28002,普通,国会議事堂前,赤坂見附,2
東京メトロ丸ノ内線,28002,普通,赤坂見附,四ツ谷,2
東京メトロ丸ノ内線,28002,普通,四ツ谷,四谷三丁目,1
東京メトロ丸ノ内線,28002,普通,四谷三丁目,新宿御苑前,1
東京メトロ丸ノ内線,28002,普通,新宿御苑前,新宿三丁目,2
東京メトロ丸ノ内線,28002,普通,新宿三丁目,新宿(東京メトロ),1
東京メトロ丸ノ内線,28002,普通,新宿(東京メトロ),西新宿,1
東京メトロ丸ノ内線,28002,普通,西新宿,中野坂上,1
東京メトロ丸ノ内線,28002,普通,中野坂上,中野新橋,2
東京メトロ丸ノ内線,28002,普通,中野新橋,中野富士見町,1
東京メトロ丸ノ内線,28002,普通,中野富士見町,方南町,2
東京メトロ日比谷線,28003,普通,北千住,南千住,3
東京メトロ日比谷線,28003,普通,南千住,三ノ輪,1
東京メトロ日比谷線,28003,普通,三ノ輪,入谷(東京都),2
東京メトロ日比谷線,28003,普通,入谷(東京都),上野,2
東京メトロ日比谷線,28003,普通,上野,仲御徒町,1
東京メトロ日比谷線,28003,普通,仲御徒町,秋葉原,2
東京メトロ日比谷線,28003,普通,秋葉原,小伝馬町,2
東京メトロ日比谷線,28003,普通,小伝馬町,人形町,1
東京メトロ日比谷線,28003,普通,人形町,茅場町,2
東京メトロ日比谷線,28003,普通,茅場町,八丁堀(東京都),1
東京メトロ日比谷線,28003,普通,八丁堀(東京都),築地,2
東京メトロ日比谷線,28003,普通,築地,東銀座,1
東京メトロ日比谷線,28003,普通,東銀座,銀座,1
東京メトロ日比谷線,28003,普通,銀座,日比谷,1
東京メトロ日比谷線,28003,普通,日比谷,霞ケ関(東京都),3
東京メトロ日比谷線,28003,普通,霞ケ関(東京都),虎ノ門ヒルズ,1
東京メトロ日比谷線,28003,普通,虎ノ門ヒルズ,神谷町,1
東京メトロ日比谷線,28003,普通,神谷町,六本木,3
東京メトロ日比谷線,28003,普通,六本木,広尾,3
東京メトロ日比谷線,28003,普通,広尾,恵比寿,3
東京メトロ日比谷線,28003,普通,恵比寿,中目黒,3
東京メトロ東西線,28004,普通,中野(東京都),落合(東京都),3
東京メトロ東西線,28004,普通,落合(東京都),高田馬場,2
東京メトロ東西線,28004,普通,高田馬場,早稲田(東京メトロ),3
東京メトロ東西線,28004,普通,早稲田(東京メトロ),神楽坂,2
東京メトロ東西線,28004,普通,神楽坂,飯田橋,2
東京メトロ東西線,28004,普通,飯田橋,九段下,1
東京メトロ東西線,28004,普通,九段下,竹橋,2
東京メトロ東西線,28004,普通,竹橋,大手町(東京都),2
東京メトロ東西線,28004,普通,大手町(東京都),日本橋(東京都),1
東京メトロ東西線,28004,普通,日本橋(東京都),茅場町,1
東京メトロ東西線,28004,普通,茅場町,門前仲町,3
東京メトロ東西線,28004,普通,門前仲町,木場(東京都),2
東京メトロ東西線,28004,普通,木場(東京都),東陽町,2
東京メトロ東西線,28004,普通,東陽町,南砂町,2
東京メトロ東西線,28004,普通,南砂町,西葛西,2
東京メトロ東西線,28004,普通,西葛西,葛西,2
東京メトロ東西線,28004,普通,葛西,浦安(千葉県),2
東京メトロ東西線,28004,普通,浦安(千葉県),南行徳,1
東京メトロ東西線,28004,普通,南行徳,行徳,2
東京メトロ東西線,28004,普通,行徳,妙典,1
東京メトロ東西線,28004,普通,妙典,原木中山,3
東京メトロ東西線,28004,普通,原木中山,西船橋,3
東京メトロ千代田線,28005,普通,北綾瀬,綾瀬,4
東京メトロ千代田線,28005,普通,綾瀬,北千住,3
東京メトロ千代田線,28005,普通,北千住,町屋(東京メトロ),3
東京メトロ千代田線,28005,普通,町屋(東京メトロ),西日暮里,2
東京メトロ千代田線,28005,普通,西日暮里,千駄木,2
東京メトロ千代田線,28005,普通,千駄木,根津,2
東京メトロ千代田線,28005,普通,根津,湯島,2
東京メトロ千代田線,28005,普通,湯島,新御茶ノ水,2
東京メトロ千代田線,28005,普通,新御茶ノ水,大手町(東京都),1
東京メトロ千代田線,28005,普通,大手町(東京都),二重橋前,1
東京メトロ千代田線,28005,普通,二重橋前,日比谷,1
東京メトロ千代田線,28005,普通,日比谷,霞ケ関(東京都),1
東京メトロ千代田線,28005,普通,霞ケ関(東京都),国会議事堂前,1
東京メトロ千代田線,28005,普通,国会議事堂前,赤坂(東京都),1
東京メトロ千代田線,28005,普通,赤坂(東京都),乃木坂,1
東京メトロ千代田線,28005,普通,乃木坂,表参道,2
東京メトロ千代田線,28005,普通,表参道,明治神宮前,2
東京メトロ千代田線,28005,普通,明治神宮前,代々木公園,2
東京メトロ千代田線,28005,普通,代々木公園,代々木上原,2
東京メトロ有楽町線,28006,普通,和光市,地下鉄成増,3
東京メトロ有楽町線,28006,普通,地下鉄成増,地下鉄赤塚,2
東京メトロ有楽町線,28006,普通,地下鉄赤塚,平和台(東京都),3
東京メトロ有楽町線,28006,普通,平和台(東京都),氷川台,2
東京メトロ有楽町線,28006,普通,氷川台,小竹向原,1
東京メトロ有楽町線,28006,普通,小竹向原,千川,2
東京メトロ有楽町線,28006,普通,千川,要町,2
東京メトロ有楽町線,28006,普通,要町,池袋,2
東京メトロ有楽町線,28006,普通,池袋,東池袋,2
東京メトロ有楽町線,28006,普通,東池袋,護国寺,2
東京メトロ有楽町線,28006,普通,護国寺,江戸川橋,2
東京メトロ有楽町線,28006,普通,江戸川橋,飯田橋,3
東京メトロ有楽町線,28006,普通,飯田橋,市ケ谷,2
東京メトロ有楽町線,28006,普通,市ケ谷,麹町,2
東京メトロ有楽町線,28006,普通,麹町,永田町,2
東京メトロ有楽町線,28006,普通,永田町,桜田門,2
東京メトロ有楽町線,28006,普通,桜田門,有楽町,1
東京メトロ有楽町線,28006,普通,有楽町,銀座一丁目,2
東京メトロ有楽町線,28006,普通,銀座一丁目,新富町(東京都),2
東京メトロ有楽町線,28006,普通,新富町(東京都),月島,2
東京メトロ有楽町線,28006,普通,月島,豊洲,2
東京メトロ有楽町線,28006,普通,豊洲,辰巳,3
東京メトロ有楽町線,28006,普通,辰巳,新木場,3
東京メトロ半蔵門線,28008,普通,渋谷,表参道,2
東京メトロ半蔵門線,28008,普通,表参道,青山一丁目,2
東京メトロ半蔵門線,28008,普通,青山一丁目,永田町,2
東京メトロ半蔵門線,28008,普通,永田町,半蔵門,2
東京メトロ半蔵門線,28008,普通,半蔵門,九段下,3
東京メトロ半蔵門線,28008,普通,九段下,神保町,1
東京メトロ半蔵門線,28008,普通,神保町,大手町(東京都),2
東京メトロ半蔵門線,28008,普通,大手町(東京都),三越前,1
東京メトロ半蔵門線,28008,普通,三越前,水天宮前,2
東京メトロ半蔵門線,28008,普通,水天宮前,清澄白河,2
東京メトロ半蔵門線,28008,普通,清澄白河,住吉(東京都),3
東京メトロ半蔵門線,28008,普通,住吉(東京都),錦糸町,1
東京メトロ半蔵門線,28008,普通,錦糸町,押上,2
東京メトロ南北線,28009,普通,赤羽岩淵,志茂,2
東京メトロ南北線,28009,普通,志茂,王子神谷,2
東京メトロ南北線,28009,普通,王子神谷,王子,2
東京メトロ南北線,28009,普通,王子,西ケ原,1
東京メトロ南北線,28009,普通,西ケ原,駒込,2
東京メトロ南北線,28009,普通,駒込,本駒込,2
東京メトロ南北線,28009,普通,本駒込,東大前,2
東京メトロ南北線,28009,普通,東大前,後楽園,3
東京メトロ南北線,28009,普通,後楽園,飯田橋,2
東京メトロ南北線,28009,普通,飯田橋,市ケ谷,1
東京メトロ南北線,28009,普通,市ケ谷,四ツ谷,2
東京メトロ南北線,28009,普通,四ツ谷,永田町,1
東京メトロ南北線,28009,普通,永田町,溜池山王,2
東京メトロ南北線,28009,普通,溜池山王,六本木一丁目,1
東京メトロ南北線,28009,普通,六本木一丁目,麻布十番,2
東京メトロ南北線,28009,普通,麻布十番,白金高輪,2
東京メトロ南北線,28009,普通,白金高輪,白金台,2
東京メトロ南北線,28009,普通,白金台,目黒,2
東京メトロ南北線,28009,急行,赤羽岩淵,志茂,1
東京メトロ南北線,28009,急行,志茂,王子神谷,2
東京メトロ南北線,28009,急行,王子神谷,王子,2
東京メトロ南北線,28009,急行,王子,西ケ原,1
東京メトロ南北線,28009,急行,西ケ原,駒込,1
東京メトロ南北線,28009,急行,駒込,本駒込,2
東京メトロ南北線,28009,急行,本駒込,東大前,2
東京メトロ南北線,28009,急行,東大前,後楽園,3
東京メトロ南北線,28009,急行,後楽園,飯田橋,2
東京メトロ南北線,28009,急行,飯田橋,市ケ谷,1
東京メトロ南北線,28009,急行,市ケ谷,四ツ谷,1
東京メトロ南北線,28009,急行,四ツ谷,永田町,2
東京メトロ南北線,28009,急行,永田町,溜池山王,1
東京メトロ南北線,28009,急行,溜池山王,六本木一丁目,2
東京メトロ南北線,28009,急行,六本木一丁目,麻布十番,2
東京メトロ南北線,28009,急行,麻布十番,白金高輪,2
東京メトロ南北線,28009,急行,白金高輪,白金台,2
東京メトロ南北線,28009,急行,白金台,目黒,2
東京メトロ副都心線,28010,通勤急行,渋谷,新宿三丁目,5
東京メトロ副都心線,28010,通勤急行,新宿三丁目,池袋,5
東京メトロ副都心線,28010,通勤急行,池袋,小竹向原,5
東京メトロ副都心線,28010,通勤急行,小竹向原,氷川台,1
東京メトロ副都心線,28010,通勤急行,氷川台,平和台(東京都),2
東京メトロ副都心線,28010,通勤急行,平和台(東京都),地下鉄赤塚,2
東京メトロ副都心線,28010,通勤急行,地下鉄赤塚,地下鉄成増,2
東京メトロ副都心線,28010,通勤急行,地下鉄成増,和光市,3
東京メトロ副都心線,28010,普通,渋谷,明治神宮前,2
東京メトロ副都心線,28010,普通,明治神宮前,北参道,1
東京メトロ副都心線,28010,普通,北参道,新宿三丁目,2
東京メトロ副都心線,28010,普通,新宿三丁目,東新宿,2
東京メトロ副都心線,28010,普通,東新宿,西早稲田,2
東京メトロ副都心線,28010,普通,西早稲田,雑司が谷,2
東京メトロ副都心線,28010,普通,雑司が谷,池袋,3
東京メトロ副都心線,28010,普通,池袋,要町,1
東京メトロ副都心線,28010,普通,要町,千川,1
東京メトロ副都心線,28010,普通,千川,小竹向原,2
東京メトロ副都心線,28010,普通,小竹向原,氷川台,1
東京メトロ副都心線,28010,普通,氷川台,平和台(東京都),2
東京メトロ副都心線,28010,普通,平和台(東京都),地下鉄赤塚,2
東京メトロ副都心線,28010,普通,地下鉄赤塚,地下鉄成増,2
東京メトロ副都心線,28010,普通,地下鉄成増,和光市,3
相鉄本線,29001,急行,横浜,二俣川,12
相鉄本線,29001,急行,二俣川,希望ケ丘,3
相鉄本線,29001,急行,希望ケ丘,三ツ境,2
相鉄本線,29001,急行,三ツ境,瀬谷,4
相鉄本線,29001,急行,瀬谷,大和(神奈川県),3
相鉄本線,29001,急行,大和(神奈川県),相模大塚,2
相鉄本線,29001,急行,相模大塚,さがみ野,2
相鉄本線,29001,急行,さがみ野,かしわ台,3
相鉄本線,29001,急行,かしわ台,海老名(相鉄・小田急),4
相鉄本線,29001,快速,横浜,星川,6
相鉄本線,29001,快速,星川,西谷,3
相鉄本線,29001,快速,西谷,鶴ケ峰,3
相鉄本線,29001,快速,鶴ケ峰,二俣川,3
相鉄本線,29001,快速,二俣川,希望ケ丘,3
相鉄本線,29001,快速,希望ケ丘,三ツ境,2
相鉄本線,29001,快速,三ツ境,瀬谷,2
相鉄本線,29001,快速,瀬谷,大和(神奈川県),3
相鉄本線,29001,快速,大和(神奈川県),相模大塚,3
相鉄本線,29001,快速,相模大塚,さがみ野,2
相鉄本線,29001,快速,さがみ野,かしわ台,2
相鉄本線,29001,快速,かしわ台,海老名(相鉄・小田急),4
相鉄本線,29001,特急,横浜,西谷,8
相鉄本線,29001,特急,西谷,二俣川,6
相鉄本線,29001,特急,二俣川,大和(神奈川県),8
相鉄本線,29001,特急,大和(神奈川県),海老名(相鉄・小田急),8
相鉄本線,29001,普通,横浜,平沼橋,1
相鉄本線,29001,普通,平沼橋,西横浜,2
相鉄本線,29001,普通,西横浜,天王町,2
相鉄本線,29001,普通,天王町,星川,2
相鉄本線,29001,普通,星川,和田町,1
相鉄本線,29001,普通,和田町,上星川,2
相鉄本線,29001,普通,上星川,西谷,2
相鉄本線,29001,普通,西谷,鶴ケ峰,2
相鉄本線,29001,普通,鶴ケ峰,二俣川,3
相鉄本線,29001,普通,二俣川,希望ケ丘,2
相鉄本線,29001,普通,希望ケ丘,三ツ境,2
相鉄本線,29001,普通,三ツ境,瀬谷,3
相鉄本線,29001,普通,瀬谷,大和(神奈川県),3
相鉄本線,29001,普通,大和(神奈川県),相模大塚,2
相鉄本線,29001,普通,相模大塚,さがみ野,2
相鉄本線,29001,普通,さがみ野,かしわ台,3
相鉄本線,29001,普通,かしわ台,海老名(相鉄・小田急),4
相鉄いずみ野線,29002,普通,二俣川,南万騎が原,2
相鉄いずみ野線,29002,普通,南万騎が原,緑園都市,2
相鉄いずみ野線,29002,普通,緑園都市,弥生台,2
相鉄いずみ野線,29002,普通,弥生台,いずみ野,2
相鉄いずみ野線,29002,普通,いずみ野,いずみ中央,3
相鉄いずみ野線,29002,普通,いずみ中央,ゆめが丘,2
相鉄いずみ野線,29002,普通,ゆめが丘,湘南台,3
相鉄いずみ野線,29002,快速,二俣川,南万騎が原,2
相鉄いずみ野線,29002,快速,南万騎が原,緑園都市,2
相鉄いずみ野線,29002,快速,緑園都市,弥生台,2
相鉄いずみ野線,29002,快速,弥生台,いずみ野,2
相鉄いずみ野線,29002,快速,いずみ野,いずみ中央,3
相鉄いずみ野線,29002,快速,いずみ中央,ゆめが丘,2
相鉄いずみ野線,29002,快速,ゆめが丘,湘南台,3
相鉄・JR直通線,29003,普通,羽沢横浜国大,武蔵小杉,16
相鉄・JR直通線,29003,普通,武蔵小杉,西大井,5
相鉄・JR直通線,29003,普通,西大井,大崎,4
相鉄・JR直通線,29003,普通,大崎,恵比寿,4
相鉄・JR直通線,29003,普通,恵比寿,渋谷,1
相鉄・JR直通線,29003,普通,渋谷,新宿,5
都営大江戸線,99301,普通,光が丘,練馬春日町,1
都営大江戸線,99301,普通,練馬春日町,豊島園(都営線),2
都営大江戸線,99301,普通,豊島園(都営線),練馬,2
都営大江戸線,99301,普通,練馬,新江古田,3
都営大江戸線,99301,普通,新江古田,落合南長崎,2
都営大江戸線,99301,普通,落合南長崎,中井,2
都営大江戸線,99301,普通,中井,東中野,2
都営大江戸線,99301,普通,東中野,中野坂上,2
都営大江戸線,99301,普通,中野坂上,西新宿五丁目,2
都営大江戸線,99301,普通,西新宿五丁目,都庁前,2
都営浅草線,99302,普通,西馬込,馬込,2
都営浅草線,99302,普通,馬込,中延,2
都営浅草線,99302,普通,中延,戸越,2
都営浅草線,99302,普通,戸越,五反田,2
都営浅草線,99302,普通,五反田,高輪台,1
都営浅草線,99302,普通,高輪台,泉岳寺,3
都営浅草線,99302,普通,泉岳寺,三田(東京都),2
都営浅草線,99302,普通,三田(東京都),大門(東京都),2
都営浅草線,99302,普通,大門(東京都),新橋,1
都営浅草線,99302,普通,新橋,東銀座,1
都営浅草線,99302,普通,東銀座,宝町(東京都),1
都営浅草線,99302,普通,宝町(東京都),日本橋(東京都),1
都営浅草線,99302,普通,日本橋(東京都),人形町,1
都営浅草線,99302,普通,人形町,東日本橋,2
都営浅草線,99302,普通,東日本橋,浅草橋,1
都営浅草線,99302,普通,浅草橋,蔵前,1
都営浅草線,99302,普通,蔵前,浅草,1
都営浅草線,99302,普通,浅草,本所吾妻橋,1
都営浅草線,99302,普通,本所吾妻橋,押上,1
都営三田線,99303,普通,目黒,白金台,2
都営三田線,99303,普通,白金台,白金高輪,2
都営三田線,99303,普通,白金高輪,三田(東京都),3
都営三田線,99303,普通,三田(東京都),芝公園,1
都営三田線,99303,普通,芝公園,御成門,2
都営三田線,99303,普通,御成門,内幸町,1
都営三田線,99303,普通,内幸町,日比谷,1
都営三田線,99303,普通,日比谷,大手町(東京都),1
都営三田線,99303,普通,大手町(東京都),神保町,2
都営三田線,99303,普通,神保町,水道橋,1
都営三田線,99303,普通,水道橋,春日(東京都),1
都営三田線,99303,普通,春日(東京都),白山(東京都),1
都営三田線,99303,普通,白山(東京都),千石,1
都営三田線,99303,普通,千石,巣鴨,1
都営三田線,99303,普通,巣鴨,西巣鴨,1
都営三田線,99303,普通,西巣鴨,新板橋,1
都営三田線,99303,普通,新板橋,板橋区役所前,1
都営三田線,99303,普通,板橋区役所前,板橋本町,1
都営三田線,99303,普通,板橋本町,本蓮沼,1
都営三田線,99303,普通,本蓮沼,志村坂上,2
都営三田線,99303,普通,志村坂上,志村三丁目,2
都営三田線,99303,普通,志村三丁目,蓮根,2
都営三田線,99303,普通,蓮根,西台,2
都営三田線,99303,普通,西台,高島平,2
都営三田線,99303,普通,高島平,新高島平,1
都営三田線,99303,普通,新高島平,西高島平,1
都営新宿線,99304,普通,新宿,新宿三丁目,1
都営新宿線,99304,普通,新宿三丁目,曙橋,2
都営新宿線,99304,普通,曙橋,市ケ谷,2
都営新宿線,99304,普通,市ケ谷,九段下,2
都営新宿線,99304,普通,九段下,神保町,1
都営新宿線,99304,普通,神保町,小川町(東京都),2
都営新宿線,99304,普通,小川町(東京都),岩本町,1
都営新宿線,99304,普通,岩本町,馬喰横山,2
都営新宿線,99304,普通,馬喰横山,浜町,1
都営新宿線,99304,普通,浜町,森下(東京都),1
都営新宿線,99304,普通,森下(東京都),菊川(東京都),1
都営新宿線,99304,普通,菊川(東京都),住吉(東京都),2
都営新宿線,99304,普通,住吉(東京都),西大島,1
都営新宿線,99304,普通,西大島,大島(東京都),1
都営新宿線,99304,普通,大島(東京都),東大島,1
都営新宿線,99304,普通,東大島,船堀,2
都営新宿線,99304,普通,船堀,一之江,2
都営新宿線,99304,普通,一之江,瑞江,2
都営新宿線,99304,普通,瑞江,篠崎,2
都営新宿線,99304,普通,篠崎,本八幡(都営線),4
都営新宿線,99304,急行,新宿,市ケ谷,4
都営新宿線,99304,急行,市ケ谷,神保町,2
都営新宿線,99304,急行,神保町,馬喰横山,3
都営新宿線,99304,急行,馬喰横山,森下(東京都),2
都営新宿線,99304,急行,森下(東京都),大島(東京都),4
都営新宿線,99304,急行,大島(東京都),船堀,3
都営新宿線,99304,急行,船堀,本八幡(都営線),7
都電荒川線,99305,普通,三ノ輪橋,荒川一中前,0
都電荒川線,99305,普通,荒川一中前,荒川区役所前,0
都電荒川線,99305,普通,荒川区役所前,荒川二丁目,0
都電荒川線,99305,普通,荒川二丁目,荒川七丁目,1
都電荒川線,99305,普通,荒川七丁目,町屋駅前,2
都電荒川線,99305,普通,町屋駅前,町屋二丁目,0
都電荒川線,99305,普通,町屋二丁目,東尾久三丁目,0
都電荒川線,99305,普通,東尾久三丁目,熊野前,3
都電荒川線,99305,普通,熊野前,宮ノ前,0
都電荒川線,99305,普通,宮ノ前,小台,1
都電荒川線,99305,普通,小台,荒川遊園地前,0
都電荒川線,99305,普通,荒川遊園地前,荒川車庫前,5
都電荒川線,99305,普通,荒川車庫前,梶原,0
都電荒川線,99305,普通,梶原,栄町(東京都),0
都電荒川線,99305,普通,栄町(東京都),王子駅前,3
都電荒川線,99305,普通,王子駅前,飛鳥山,1
都電荒川線,99305,普通,飛鳥山,滝野川一丁目,0
都電荒川線,99305,普通,滝野川一丁目,西ケ原四丁目,2
都電荒川線,99305,普通,西ケ原四丁目,新庚申塚,0
都電荒川線,99305,普通,新庚申塚,庚申塚,0
都電荒川線,99305,普通,庚申塚,巣鴨新田,1
都電荒川線,99305,普通,巣鴨新田,大塚駅前,4
都電荒川線,99305,普通,大塚駅前,向原(東京都),0
都電荒川線,99305,普通,向原(東京都),東池袋四丁目,2
都電荒川線,99305,普通,東池袋四丁目,都電雑司ケ谷,0
都電荒川線,99305,普通,都電雑司ケ谷,鬼子母神前,0
都電荒川線,99305,普通,鬼子母神前,学習院下,1
都電荒川線,99305,普通,学習院下,面影橋,1
都電荒川線,99305,普通,面影橋,早稲田(都電荒川線),2
日暮里・舎人ライナー,99342,普通,見沼代親水公園,舎人,2
日暮里・舎人ライナー,99342,普通,舎人,舎人公園,2
日暮里・舎人ライナー,99342,普通,舎人公園,谷在家,2
日暮里・舎人ライナー,99342,普通,谷在家,西新井大師西,1
日暮里・舎人ライナー,99342,普通,西新井大師西,江北,1
日暮里・舎人ライナー,99342,普通,江北,高野(東京都),1
日暮里・舎人ライナー,99342,普通,高野(東京都),扇大橋,1
日暮里・舎人ライナー,99342,普通,扇大橋,足立小台,2
日暮里・舎人ライナー,99342,普通,足立小台,熊野前(舎人ライナー),2
日暮里・舎人ライナー,99342,普通,熊野前(舎人ライナー),赤土小学校前,2
日暮里・舎人ライナー,99342,普通,赤土小学校前,西日暮里(舎人ライナー),2
日暮里・舎人ライナー,99342,普通,西日暮里(舎人ライナー),日暮里(舎人ライナー),2
秩父鉄道秩父本線,99306,普通,羽生,西羽生,3
秩父鉄道秩父本線,99306,普通,西羽生,新郷(埼玉県),3
秩父鉄道秩父本線,99306,普通,新郷(埼玉県),武州荒木,3
秩父鉄道秩父本線,99306,普通,武州荒木,東行田,4
秩父鉄道秩父本線,99306,普通,東行田,行田市,2
秩父鉄道秩父本線,99306,普通,行田市,持田,3
秩父鉄道秩父本線,99306,普通,持田,ソシオ流通センター,2
秩父鉄道秩父本線,99306,普通,ソシオ流通センター,熊谷,4
秩父鉄道秩父本線,99306,普通,熊谷,上熊谷,2
秩父鉄道秩父本線,99306,普通,上熊谷,石原(埼玉県),2
秩父鉄道秩父本線,99306,普通,石原(埼玉県),ひろせ野鳥の森,2
秩父鉄道秩父本線,99306,普通,ひろせ野鳥の森,大麻生,3
秩父鉄道秩父本線,99306,普通,大麻生,明戸,3
秩父鉄道秩父本線,99306,普通,明戸,武川,4
秩父鉄道秩父本線,99306,普通,武川,永田(埼玉県),4
秩父鉄道秩父本線,99306,普通,永田(埼玉県),ふかや花園,2
秩父鉄道秩父本線,99306,普通,ふかや花園,小前田,4
秩父鉄道秩父本線,99306,普通,小前田,桜沢(埼玉県),2
秩父鉄道秩父本線,99306,普通,桜沢(埼玉県),寄居,3
秩父鉄道秩父本線,99306,普通,寄居,波久礼,4
秩父鉄道秩父本線,99306,普通,波久礼,樋口,6
秩父鉄道秩父本線,99306,普通,樋口,野上,4
秩父鉄道秩父本線,99306,普通,野上,長瀞,3
秩父鉄道秩父本線,99306,普通,長瀞,上長瀞,2
秩父鉄道秩父本線,99306,普通,上長瀞,親鼻,3
秩父鉄道秩父本線,99306,普通,親鼻,皆野,3
秩父鉄道秩父本線,99306,普通,皆野,和銅黒谷,3
秩父鉄道秩父本線,99306,普通,和銅黒谷,大野原,4
秩父鉄道秩父本線,99306,普通,大野原,秩父,4
秩父鉄道秩父本線,99306,普通,秩父,御花畑,2
秩父鉄道秩父本線,99306,普通,御花畑,影森,3
秩父鉄道秩父本線,99306,普通,影森,浦山口,3
秩父鉄道秩父本線,99306,普通,浦山口,武州中川,4
秩父鉄道秩父本線,99306,普通,武州中川,武州日野,3
秩父鉄道秩父本線,99306,普通,武州日野,白久,4
秩父鉄道秩父本線,99306,普通,白久,三峰口,3
埼玉高速鉄道線,99307,普通,赤羽岩淵,川口元郷,3
埼玉高速鉄道線,99307,普通,川口元郷,南鳩ケ谷,2
埼玉高速鉄道線,99307,普通,南鳩ケ谷,鳩ケ谷,2
埼玉高速鉄道線,99307,普通,鳩ケ谷,新井宿,2
埼玉高速鉄道線,99307,普通,新井宿,戸塚安行,3
埼玉高速鉄道線,99307,普通,戸塚安行,東川口,2
埼玉高速鉄道線,99307,普通,東川口,浦和美園,3
埼玉高速鉄道線,99307,急行,赤羽岩淵,川口元郷,3
埼玉高速鉄道線,99307,急行,川口元郷,南鳩ケ谷,2
埼玉高速鉄道線,99307,急行,南鳩ケ谷,鳩ケ谷,2
埼玉高速鉄道線,99307,急行,鳩ケ谷,新井宿,2
埼玉高速鉄道線,99307,急行,新井宿,戸塚安行,2
埼玉高速鉄道線,99307,急行,戸塚安行,東川口,2
埼玉高速鉄道線,99307,急行,東川口,浦和美園,2
いすみ線,99308,普通,大原(千葉県),西大原,3
いすみ線,99308,普通,西大原,上総東,6
いすみ線,99308,普通,上総東,新田野,3
いすみ線,99308,普通,新田野,国吉,2
いすみ線,99308,普通,国吉,上総中川,6
いすみ線,99308,普通,上総中川,城見ケ丘,4
いすみ線,99308,普通,城見ケ丘,大多喜,2
いすみ線,99308,普通,大多喜,小谷松,3
いすみ線,99308,普通,小谷松,東総元,3
いすみ線,99308,普通,東総元,久我原,2
いすみ線,99308,普通,久我原,総元,3
いすみ線,99308,普通,総元,西畑,5
いすみ線,99308,普通,西畑,上総中野,3
つくばエクスプレス,99309,区間快速,秋葉原,新御徒町,2
つくばエクスプレス,99309,区間快速,新御徒町,浅草(ＴＸ),2
つくばエクスプレス,99309,区間快速,浅草(ＴＸ),南千住,3
つくばエクスプレス,99309,区間快速,南千住,北千住,2
つくばエクスプレス,99309,区間快速,北千住,八潮,8
つくばエクスプレス,99309,区間快速,八潮,三郷中央,3
つくばエクスプレス,99309,区間快速,三郷中央,南流山,2
つくばエクスプレス,99309,区間快速,南流山,流山おおたかの森,3
つくばエクスプレス,99309,区間快速,流山おおたかの森,柏の葉キャンパス,3
つくばエクスプレス,99309,区間快速,柏の葉キャンパス,守谷,4
つくばエクスプレス,99309,区間快速,守谷,みらい平,4
つくばエクスプレス,99309,区間快速,みらい平,みどりの,3
つくばエクスプレス,99309,区間快速,みどりの,万博記念公園(茨城県),2
つくばエクスプレス,99309,区間快速,万博記念公園(茨城県),研究学園,3
つくばエクスプレス,99309,区間快速,研究学園,つくば,3
つくばエクスプレス,99309,普通,秋葉原,新御徒町,2
つくばエクスプレス,99309,普通,新御徒町,浅草(ＴＸ),2
つくばエクスプレス,99309,普通,浅草(ＴＸ),南千住,2
つくばエクスプレス,99309,普通,南千住,北千住,2
つくばエクスプレス,99309,普通,北千住,青井,3
つくばエクスプレス,99309,普通,青井,六町,2
つくばエクスプレス,99309,普通,六町,八潮,4
つくばエクスプレス,99309,普通,八潮,三郷中央,3
つくばエクスプレス,99309,普通,三郷中央,南流山,3
つくばエクスプレス,99309,普通,南流山,流山セントラルパーク,2
つくばエクスプレス,99309,普通,流山セントラルパーク,流山おおたかの森,2
つくばエクスプレス,99309,普通,流山おおたかの森,柏の葉キャンパス,2
つくばエクスプレス,99309,普通,柏の葉キャンパス,柏たなか,2
つくばエクスプレス,99309,普通,柏たなか,守谷,4
つくばエクスプレス,99309,普通,守谷,みらい平,4
つくばエクスプレス,99309,普通,みらい平,みどりの,3
つくばエクスプレス,99309,普通,みどりの,万博記念公園(茨城県),2
つくばエクスプレス,99309,普通,万博記念公園(茨城県),研究学園,3
つくばエクスプレス,99309,普通,研究学園,つくば,3
つくばエクスプレス,99309,快速,秋葉原,新御徒町,2
つくばエクスプレス,99309,快速,新御徒町,浅草(ＴＸ),2
つくばエクスプレス,99309,快速,浅草(ＴＸ),南千住,3
つくばエクスプレス,99309,快速,南千住,北千住,2
つくばエクスプレス,99309,快速,北千住,南流山,11
つくばエクスプレス,99309,快速,南流山,流山おおたかの森,4
つくばエクスプレス,99309,快速,流山おおたかの森,守谷,6
つくばエクスプレス,99309,快速,守谷,つくば,12
みなとみらい線,99310,普通,横浜,新高島,2
みなとみらい線,99310,普通,新高島,みなとみらい,2
みなとみらい線,99310,普通,みなとみらい,馬車道,2
みなとみらい線,99310,普通,馬車道,日本大通り,1
みなとみらい線,99310,普通,日本大通り,元町・中華街,3
みなとみらい線,99310,急行,横浜,みなとみらい,4
みなとみらい線,99310,急行,みなとみらい,馬車道,2
みなとみらい線,99310,急行,馬車道,日本大通り,1
みなとみらい線,99310,急行,日本大通り,元町・中華街,3
みなとみらい線,99310,通勤特急,横浜,みなとみらい,3
みなとみらい線,99310,通勤特急,みなとみらい,馬車道,2
みなとみらい線,99310,通勤特急,馬車道,日本大通り,1
みなとみらい線,99310,通勤特急,日本大通り,元町・中華街,3
みなとみらい線,99310,特急,横浜,みなとみらい,3
みなとみらい線,99310,特急,みなとみらい,元町・中華街,4
ゆりかもめ,99311,普通,新橋,汐留,2
ゆりかもめ,99311,普通,汐留,竹芝,3
ゆりかもめ,99311,普通,竹芝,日の出(東京都),1
ゆりかもめ,99311,普通,日の出(東京都),芝浦ふ頭,2
ゆりかもめ,99311,普通,芝浦ふ頭,お台場海浜公園,6
ゆりかもめ,99311,普通,お台場海浜公園,台場,2
ゆりかもめ,99311,普通,台場,東京国際クルーズターミナル,2
ゆりかもめ,99311,普通,東京国際クルーズターミナル,テレコムセンター,2
ゆりかもめ,99311,普通,テレコムセンター,青海(東京都),2
ゆりかもめ,99311,普通,青海(東京都),東京ビッグサイト,2
ゆりかもめ,99311,普通,東京ビッグサイト,有明(東京都),2
ゆりかもめ,99311,普通,有明(東京都),有明テニスの森,1
ゆりかもめ,99311,普通,有明テニスの森,市場前,2
ゆりかもめ,99311,普通,市場前,新豊洲,2
ゆりかもめ,99311,普通,新豊洲,豊洲,2
ユーカリが丘線,99313,普通,ユーカリが丘,地区センター,1
ユーカリが丘線,99313,普通,地区センター,公園,2
伊豆箱根鉄道大雄山線,99314,普通,小田原,緑町,1
伊豆箱根鉄道大雄山線,99314,普通,緑町,井細田,2
伊豆箱根鉄道大雄山線,99314,普通,井細田,五百羅漢,3
伊豆箱根鉄道大雄山線,99314,普通,五百羅漢,穴部,1
伊豆箱根鉄道大雄山線,99314,普通,穴部,飯田岡,3
伊豆箱根鉄道大雄山線,99314,普通,飯田岡,相模沼田,2
伊豆箱根鉄道大雄山線,99314,普通,相模沼田,岩原,1
伊豆箱根鉄道大雄山線,99314,普通,岩原,塚原,2
伊豆箱根鉄道大雄山線,99314,普通,塚原,和田河原,3
伊豆箱根鉄道大雄山線,99314,普通,和田河原,富士フイルム前,2
伊豆箱根鉄道大雄山線,99314,普通,富士フイルム前,大雄山,1
ブルーライン,99316,普通,あざみ野,中川(神奈川県),2
ブルーライン,99316,普通,中川(神奈川県),センター北,2
ブルーライン,99316,普通,センター北,センター南,1
ブルーライン,99316,普通,センター南,仲町台,3
ブルーライン,99316,普通,仲町台,新羽,3
ブルーライン,99316,普通,新羽,北新横浜,2
ブルーライン,99316,普通,北新横浜,新横浜,2
ブルーライン,99316,普通,新横浜,岸根公園,2
ブルーライン,99316,普通,岸根公園,片倉町,1
ブルーライン,99316,普通,片倉町,三ツ沢上町,2
ブルーライン,99316,普通,三ツ沢上町,三ツ沢下町,1
ブルーライン,99316,普通,三ツ沢下町,横浜,3
ブルーライン,99316,普通,横浜,高島町,2
ブルーライン,99316,普通,高島町,桜木町,2
ブルーライン,99316,普通,桜木町,関内,1
ブルーライン,99316,普通,関内,伊勢佐木長者町,1
ブルーライン,99316,普通,伊勢佐木長者町,阪東橋,1
ブルーライン,99316,普通,阪東橋,吉野町,1
ブルーライン,99316,普通,吉野町,蒔田,2
ブルーライン,99316,普通,蒔田,弘明寺(横浜市営),2
ブルーライン,99316,普通,弘明寺(横浜市営),上大岡,2
ブルーライン,99316,普通,上大岡,港南中央,2
ブルーライン,99316,普通,港南中央,上永谷,2
ブルーライン,99316,普通,上永谷,下永谷,2
ブルーライン,99316,普通,下永谷,舞岡,1
ブルーライン,99316,普通,舞岡,戸塚,3
ブルーライン,99316,普通,戸塚,踊場,2
ブルーライン,99316,普通,踊場,中田(神奈川県),2
ブルーライン,99316,普通,中田(神奈川県),立場,1
ブルーライン,99316,普通,立場,下飯田,2
ブルーライン,99316,普通,下飯田,湘南台,3
ブルーライン,99316,快速,あざみ野,中川(神奈川県),3
ブルーライン,99316,快速,中川(神奈川県),センター北,2
ブルーライン,99316,快速,センター北,センター南,2
ブルーライン,99316,快速,センター南,仲町台,3
ブルーライン,99316,快速,仲町台,新羽,3
ブルーライン,99316,快速,新羽,新横浜,3
ブルーライン,99316,快速,新横浜,横浜,8
ブルーライン,99316,快速,横浜,桜木町,2
ブルーライン,99316,快速,桜木町,関内,1
ブルーライン,99316,快速,関内,上大岡,8
ブルーライン,99316,快速,上大岡,上永谷,4
ブルーライン,99316,快速,上永谷,戸塚,4
ブルーライン,99316,快速,戸塚,踊場,2
ブルーライン,99316,快速,踊場,中田(神奈川県),2
ブルーライン,99316,快速,中田(神奈川県),立場,2
ブルーライン,99316,快速,立場,下飯田,2
ブルーライン,99316,快速,下飯田,湘南台,3
グリーンライン,99343,普通,中山(神奈川県),川和町,2
グリーンライン,99343,普通,川和町,都筑ふれあいの丘,2
グリーンライン,99343,普通,都筑ふれあいの丘,センター南,2
グリーンライン,99343,普通,センター南,センター北,1
グリーンライン,99343,普通,センター北,北山田(神奈川県),2
グリーンライン,99343,普通,北山田(神奈川県),東山田,2
グリーンライン,99343,普通,東山田,高田(神奈川県),2
グリーンライン,99343,普通,高田(神奈川県),日吉本町,1
グリーンライン,99343,普通,日吉本町,日吉(神奈川県),2
金沢シーサイドライン,99317,普通,新杉田,南部市場,2
金沢シーサイドライン,99317,普通,南部市場,鳥浜,2
金沢シーサイドライン,99317,普通,鳥浜,並木北,1
金沢シーサイドライン,99317,普通,並木北,並木中央,2
金沢シーサイドライン,99317,普通,並木中央,幸浦,2
金沢シーサイドライン,99317,普通,幸浦,産業振興センター,2
金沢シーサイドライン,99317,普通,産業振興センター,福浦,2
金沢シーサイドライン,99317,普通,福浦,市大医学部,2
金沢シーサイドライン,99317,普通,市大医学部,八景島,2
金沢シーサイドライン,99317,普通,八景島,海の公園柴口,2
金沢シーサイドライン,99317,普通,海の公園柴口,海の公園南口,1
金沢シーサイドライン,99317,普通,海の公園南口,野島公園,1
金沢シーサイドライン,99317,普通,野島公園,金沢八景(横浜シーサイドライン),2
江ノ島電鉄線,99320,普通,藤沢,石上,1
江ノ島電鉄線,99320,普通,石上,柳小路,2
江ノ島電鉄線,99320,普通,柳小路,鵠沼,2
江ノ島電鉄線,99320,普通,鵠沼,湘南海岸公園,3
江ノ島電鉄線,99320,普通,湘南海岸公園,江ノ島,3
江ノ島電鉄線,99320,普通,江ノ島,腰越,2
江ノ島電鉄線,99320,普通,腰越,鎌倉高校前,2
江ノ島電鉄線,99320,普通,鎌倉高校前,七里ケ浜,3
江ノ島電鉄線,99320,普通,七里ケ浜,稲村ケ崎,5
江ノ島電鉄線,99320,普通,稲村ケ崎,極楽寺,3
江ノ島電鉄線,99320,普通,極楽寺,長谷(神奈川県),3
江ノ島電鉄線,99320,普通,長谷(神奈川県),由比ケ浜,1
江ノ島電鉄線,99320,普通,由比ケ浜,和田塚,2
江ノ島電鉄線,99320,普通,和田塚,鎌倉,2
ニューシャトル,99321,普通,大宮(埼玉県),鉄道博物館,2
ニューシャトル,99321,普通,鉄道博物館,加茂宮,2
ニューシャトル,99321,普通,加茂宮,東宮原,2
ニューシャトル,99321,普通,東宮原,今羽,1
ニューシャトル,99321,普通,今羽,吉野原,1
ニューシャトル,99321,普通,吉野原,原市,1
ニューシャトル,99321,普通,原市,沼南,1
ニューシャトル,99321,普通,沼南,丸山(埼玉県),2
ニューシャトル,99321,普通,丸山(埼玉県),志久,2
ニューシャトル,99321,普通,志久,伊奈中央,2
ニューシャトル,99321,普通,伊奈中央,羽貫,2
ニューシャトル,99321,普通,羽貫,内宿,2
芝山鉄道線,99324,普通,東成田,芝山千代田,4
小湊鉄道線,99325,普通,五井,上総村上,4
小湊鉄道線,99325,普通,上総村上,海士有木,5
小湊鉄道線,99325,普通,海士有木,上総三又,3
小湊鉄道線,99325,普通,上総三又,上総山田,3
小湊鉄道線,99325,普通,上総山田,光風台(千葉県),4
小湊鉄道線,99325,普通,光風台(千葉県),馬立,4
小湊鉄道線,99325,普通,馬立,上総牛久,6
小湊鉄道線,99325,普通,上総牛久,上総川間,3
小湊鉄道線,99325,普通,上総川間,上総鶴舞,3
小湊鉄道線,99325,普通,上総鶴舞,上総久保,4
小湊鉄道線,99325,普通,上総久保,高滝,3
小湊鉄道線,99325,普通,高滝,里見,5
小湊鉄道線,99325,普通,里見,飯給,4
小湊鉄道線,99325,普通,飯給,月崎,4
小湊鉄道線,99325,普通,月崎,上総大久保,4
小湊鉄道線,99325,普通,上総大久保,養老渓谷,5
小湊鉄道線,99325,普通,養老渓谷,上総中野,10
湘南モノレール,99326,普通,大船,富士見町(神奈川県),2
湘南モノレール,99326,普通,富士見町(神奈川県),湘南町屋,2
湘南モノレール,99326,普通,湘南町屋,湘南深沢,1
湘南モノレール,99326,普通,湘南深沢,西鎌倉,4
湘南モノレール,99326,普通,西鎌倉,片瀬山,2
湘南モノレール,99326,普通,片瀬山,目白山下,2
湘南モノレール,99326,普通,目白山下,湘南江の島,1
新京成線,99329,普通,京成津田沼,新津田沼,2
新京成線,99329,普通,新津田沼,前原,2
新京成線,99329,普通,前原,薬園台,2
新京成線,99329,普通,薬園台,習志野,1
新京成線,99329,普通,習志野,北習志野,1
新京成線,99329,普通,北習志野,高根木戸,2
新京成線,99329,普通,高根木戸,高根公団,1
新京成線,99329,普通,高根公団,滝不動,2
新京成線,99329,普通,滝不動,三咲,1
新京成線,99329,普通,三咲,二和向台,2
新京成線,99329,普通,二和向台,鎌ケ谷大仏,1
新京成線,99329,普通,鎌ケ谷大仏,初富,3
新京成線,99329,普通,初富,新鎌ケ谷,2
新京成線,99329,普通,新鎌ケ谷,北初富,1
新京成線,99329,普通,北初富,くぬぎ山,3
新京成線,99329,普通,くぬぎ山,元山(千葉県),1
新京成線,99329,普通,元山(千葉県),五香,2
新京成線,99329,普通,五香,常盤平,2
新京成線,99329,普通,常盤平,八柱,3
新京成線,99329,普通,八柱,みのり台,2
新京成線,99329,普通,みのり台,松戸新田,1
新京成線,99329,普通,松戸新田,上本郷,2
新京成線,99329,普通,上本郷,松戸,3
千葉都市モノレール１号線,99331,普通,千葉みなと,市役所前(千葉県),2
千葉都市モノレール１号線,99331,普通,市役所前(千葉県),千葉,2
千葉都市モノレール１号線,99331,普通,千葉,栄町(千葉県),1
千葉都市モノレール１号線,99331,普通,栄町(千葉県),葭川公園,2
千葉都市モノレール１号線,99331,普通,葭川公園,県庁前(千葉県),2
千葉都市モノレール２号線,99332,普通,千葉,千葉公園,2
千葉都市モノレール２号線,99332,普通,千葉公園,作草部,2
千葉都市モノレール２号線,99332,普通,作草部,天台,1
千葉都市モノレール２号線,99332,普通,天台,穴川(千葉県),3
千葉都市モノレール２号線,99332,普通,穴川(千葉県),スポーツセンター,1
千葉都市モノレール２号線,99332,普通,スポーツセンター,動物公園,3
千葉都市モノレール２号線,99332,普通,動物公園,みつわ台,1
千葉都市モノレール２号線,99332,普通,みつわ台,都賀,3
千葉都市モノレール２号線,99332,普通,都賀,桜木(千葉県),2
千葉都市モノレール２号線,99332,普通,桜木(千葉県),小倉台,2
千葉都市モノレール２号線,99332,普通,小倉台,千城台北,2
千葉都市モノレール２号線,99332,普通,千城台北,千城台,2
流鉄流山線,99333,普通,馬橋,幸谷,3
流鉄流山線,99333,普通,幸谷,小金城趾,3
流鉄流山線,99333,普通,小金城趾,鰭ケ崎,2
流鉄流山線,99333,普通,鰭ケ崎,平和台(千葉県),2
流鉄流山線,99333,普通,平和台(千葉県),流山,2
多摩モノレール,99334,普通,多摩センター,松が谷,2
多摩モノレール,99334,普通,松が谷,大塚・帝京大学,2
多摩モノレール,99334,普通,大塚・帝京大学,中央大学・明星大学,2
多摩モノレール,99334,普通,中央大学・明星大学,多摩動物公園,2
多摩モノレール,99334,普通,多摩動物公園,程久保,3
多摩モノレール,99334,普通,程久保,高幡不動,2
多摩モノレール,99334,普通,高幡不動,万願寺,3
多摩モノレール,99334,普通,万願寺,甲州街道,2
多摩モノレール,99334,普通,甲州街道,柴崎体育館,2
多摩モノレール,99334,普通,柴崎体育館,立川南,3
多摩モノレール,99334,普通,立川南,立川北,2
多摩モノレール,99334,普通,立川北,高松(東京都),3
多摩モノレール,99334,普通,高松(東京都),立飛,1
多摩モノレール,99334,普通,立飛,泉体育館,2
多摩モノレール,99334,普通,泉体育館,砂川七番,1
多摩モノレール,99334,普通,砂川七番,玉川上水,2
多摩モノレール,99334,普通,玉川上水,桜街道,2
多摩モノレール,99334,普通,桜街道,上北台,2
銚子電鉄線,99335,普通,銚子,仲ノ町,2
銚子電鉄線,99335,普通,仲ノ町,観音,2
銚子電鉄線,99335,普通,観音,本銚子,2
銚子電鉄線,99335,普通,本銚子,笠上黒生,6
銚子電鉄線,99335,普通,笠上黒生,西海鹿島,1
銚子電鉄線,99335,普通,西海鹿島,海鹿島,2
銚子電鉄線,99335,普通,海鹿島,君ケ浜,2
銚子電鉄線,99335,普通,君ケ浜,犬吠,3
銚子電鉄線,99335,普通,犬吠,外川,2
東京モノレール,99336,普通,浜松町,天王洲アイル,4
東京モノレール,99336,普通,天王洲アイル,大井競馬場前,3
東京モノレール,99336,普通,大井競馬場前,流通センター,2
東京モノレール,99336,普通,流通センター,昭和島,2
東京モノレール,99336,普通,昭和島,整備場,2
東京モノレール,99336,普通,整備場,天空橋,1
東京モノレール,99336,普通,天空橋,羽田空港第３ターミナル(東京モノレール),2
東京モノレール,99336,普通,羽田空港第３ターミナル(東京モノレール),新整備場,3
東京モノレール,99336,普通,新整備場,羽田空港第１ターミナル(東京モノレール・ＪＡＬ利用),1
東京モノレール,99336,普通,羽田空港第１ターミナル(東京モノレール・ＪＡＬ利用),羽田空港第２ターミナル(東京モノレール・ＡＮＡ利用),1
東京モノレール,99336,空港快速,浜松町,羽田空港第３ターミナル(東京モノレール),13
東京モノレール,99336,空港快速,羽田空港第３ターミナル(東京モノレール),羽田空港第１ターミナル(東京モノレール・ＪＡＬ利用),3
東京モノレール,99336,空港快速,羽田空港第１ターミナル(東京モノレール・ＪＡＬ利用),羽田空港第２ターミナル(東京モノレール・ＡＮＡ利用),1
東京モノレール,99336,区間快速,浜松町,天王洲アイル,5
東京モノレール,99336,区間快速,天王洲アイル,大井競馬場前,3
東京モノレール,99336,区間快速,大井競馬場前,流通センター,2
東京モノレール,99336,区間快速,流通センター,羽田空港第３ターミナル(東京モノレール),5
東京モノレール,99336,区間快速,羽田空港第３ターミナル(東京モノレール),羽田空港第１ターミナル(東京モノレール・ＪＡＬ利用),3
東京モノレール,99336,区間快速,羽田空港第１ターミナル(東京モノレール・ＪＡＬ利用),羽田空港第２ターミナル(東京モノレール・ＡＮＡ利用),2
りんかい線,99337,普通,新木場,東雲(東京都),3
りんかい線,99337,普通,東雲(東京都),国際展示場,1
りんかい線,99337,普通,国際展示場,東京テレポート,2
りんかい線,99337,普通,東京テレポート,天王洲アイル,3
りんかい線,99337,普通,天王洲アイル,品川シーサイド,2
りんかい線,99337,普通,品川シーサイド,大井町,2
りんかい線,99337,普通,大井町,大崎,3
東葉高速線,99338,普通,西船橋,東海神,3
東葉高速線,99338,普通,東海神,飯山満,3
東葉高速線,99338,普通,飯山満,北習志野,2
東葉高速線,99338,普通,北習志野,船橋日大前,1
東葉高速線,99338,普通,船橋日大前,八千代緑が丘,1
東葉高速線,99338,普通,八千代緑が丘,八千代中央,2
東葉高速線,99338,普通,八千代中央,村上(千葉県),1
東葉高速線,99338,普通,村上(千葉県),東葉勝田台,2
東葉高速線,99338,快速,西船橋,東海神,3
東葉高速線,99338,快速,東海神,飯山満,4
東葉高速線,99338,快速,飯山満,北習志野,2
東葉高速線,99338,快速,北習志野,船橋日大前,2
東葉高速線,99338,快速,船橋日大前,八千代緑が丘,2
東葉高速線,99338,快速,八千代緑が丘,八千代中央,3
東葉高速線,99338,快速,八千代中央,村上(千葉県),2
東葉高速線,99338,快速,村上(千葉県),東葉勝田台,2
箱根登山鉄道鉄道線,99339,普通,小田原,箱根板橋,3
箱根登山鉄道鉄道線,99339,普通,箱根板橋,風祭,3
箱根登山鉄道鉄道線,99339,普通,風祭,入生田,3
箱根登山鉄道鉄道線,99339,普通,入生田,箱根湯本,5
箱根登山鉄道鉄道線,99339,特急,小田原,箱根湯本,12
北総鉄道北総線,99340,普通,京成高砂,新柴又,2
北総鉄道北総線,99340,普通,新柴又,矢切,2
北総鉄道北総線,99340,普通,矢切,北国分,2
北総鉄道北総線,99340,普通,北国分,秋山,2
北総鉄道北総線,99340,普通,秋山,東松戸,2
北総鉄道北総線,99340,普通,東松戸,松飛台,2
北総鉄道北総線,99340,普通,松飛台,大町(千葉県),2
北総鉄道北総線,99340,普通,大町(千葉県),新鎌ケ谷,2
北総鉄道北総線,99340,普通,新鎌ケ谷,西白井,2
北総鉄道北総線,99340,普通,西白井,白井,2
北総鉄道北総線,99340,普通,白井,小室,2
北総鉄道北総線,99340,普通,小室,千葉ニュータウン中央,3
北総鉄道北総線,99340,普通,千葉ニュータウン中央,印西牧の原,4
北総鉄道北総線,99340,普通,印西牧の原,印旛日本医大,4
箱根登山ケーブルカー,99344,普通,強羅,公園下,2
箱根登山ケーブルカー,99344,普通,公園下,公園上,1
箱根登山ケーブルカー,99344,普通,公園上,中強羅,2
箱根登山ケーブルカー,99344,普通,中強羅,上強羅,2
箱根登山ケーブルカー,99344,普通,上強羅,早雲山,3
JR鶴見線,11304,普通,鶴見,国道,2
JR鶴見線,11304,普通,国道,鶴見小野,1
JR鶴見線,11304,普通,鶴見小野,弁天橋,2
JR鶴見線,11304,普通,弁天橋,浅野,2
JR鶴見線,11304,普通,浅野,新芝浦,2
JR鶴見線,11304,普通,新芝浦,海芝浦,2
JR鶴見線,11304,普通,鶴見,国道,2
JR鶴見線,11304,普通,国道,鶴見小野,1
JR鶴見線,11304,普通,鶴見小野,弁天橋,2
JR鶴見線,11304,普通,弁天橋,浅野,2
JR鶴見線,11304,普通,浅野,安善,2
JR鶴見線,11304,普通,安善,大川,4
JR鶴見線,11304,普通,鶴見,国道,2
JR鶴見線,11304,普通,国道,鶴見小野,1
JR鶴見線,11304,普通,鶴見小野,弁天橋,2
JR鶴見線,11304,普通,弁天橋,浅野,2
JR鶴見線,11304,普通,浅野,安善,2
JR鶴見線,11304,普通,安善,武蔵白石,2
JR鶴見線,11304,普通,武蔵白石,浜川崎,3
JR鶴見線,11304,普通,浜川崎,昭和,2
JR鶴見線,11304,普通,昭和,扇町(神奈川県),2
JR成田線,11327,快速,佐倉,酒々井,6
JR成田線,11327,快速,酒々井,成田,7
JR成田線,11327,快速,成田,空港第２ビル(鉄道),8
JR成田線,11327,快速,空港第２ビル(鉄道),成田空港(鉄道),2
JR成田線,11327,普通,佐倉,酒々井,6
JR成田線,11327,普通,酒々井,成田,7
JR成田線,11327,普通,成田,空港第２ビル(鉄道),9
JR成田線,11327,普通,空港第２ビル(鉄道),成田空港(鉄道),1
JR成田線,11327,普通,我孫子,東我孫子,4
JR成田線,11327,普通,東我孫子,湖北,3
JR成田線,11327,普通,湖北,新木(千葉県),3
JR成田線,11327,普通,新木(千葉県),布佐,3
JR成田線,11327,普通,布佐,木下,2
JR成田線,11327,普通,木下,小林(千葉県),4
JR成田線,11327,普通,小林(千葉県),安食,4
JR成田線,11327,普通,安食,下総松崎,4
JR成田線,11327,普通,下総松崎,成田,7
